<annotation>
	<folder>data</folder>
	<filename>data_29.jpg</filename>
	<path>D:\DashboardGraphExtract\data\data_29.jpg</path>
	<source>
		<database>Unknown</database>
	</source>
	<size>
		<width>768</width>
		<height>768</height>
		<depth>3</depth>
	</size>
	<segmented>0</segmented>
	<object>
		<name>pie_chart</name>
		<pose>Unspecified</pose>
		<truncated>0</truncated>
		<difficult>0</difficult>
		<bndbox>
			<xmin>38</xmin>
			<ymin>126</ymin>
			<xmax>583</xmax>
			<ymax>648</ymax>
		</bndbox>
	</object>
</annotation>
