<annotation>
	<folder>data</folder>
	<filename>data_46.jpg</filename>
	<path>D:\DashboardGraphExtract\data\data_46.jpg</path>
	<source>
		<database>Unknown</database>
	</source>
	<size>
		<width>600</width>
		<height>338</height>
		<depth>3</depth>
	</size>
	<segmented>0</segmented>
	<object>
		<name>area_chart</name>
		<pose>Unspecified</pose>
		<truncated>0</truncated>
		<difficult>0</difficult>
		<bndbox>
			<xmin>160</xmin>
			<ymin>96</ymin>
			<xmax>431</xmax>
			<ymax>277</ymax>
		</bndbox>
	</object>
</annotation>
