<annotation>
	<folder>data</folder>
	<filename>data_57.jpg</filename>
	<path>D:\DashboardGraphExtract\data\data_57.jpg</path>
	<source>
		<database>Unknown</database>
	</source>
	<size>
		<width>800</width>
		<height>600</height>
		<depth>3</depth>
	</size>
	<segmented>0</segmented>
	<object>
		<name>area_chart</name>
		<pose>Unspecified</pose>
		<truncated>0</truncated>
		<difficult>0</difficult>
		<bndbox>
			<xmin>61</xmin>
			<ymin>157</ymin>
			<xmax>778</xmax>
			<ymax>558</ymax>
		</bndbox>
	</object>
</annotation>
