<annotation>
	<folder>data</folder>
	<filename>data_50.jpg</filename>
	<path>D:\DashboardGraphExtract\data\data_50.jpg</path>
	<source>
		<database>Unknown</database>
	</source>
	<size>
		<width>650</width>
		<height>459</height>
		<depth>3</depth>
	</size>
	<segmented>0</segmented>
	<object>
		<name>area_chart</name>
		<pose>Unspecified</pose>
		<truncated>0</truncated>
		<difficult>0</difficult>
		<bndbox>
			<xmin>90</xmin>
			<ymin>188</ymin>
			<xmax>547</xmax>
			<ymax>337</ymax>
		</bndbox>
	</object>
</annotation>
