<annotation>
	<folder>data</folder>
	<filename>data_77.jpg</filename>
	<path>D:\DashboardGraphExtract\data\data_77.jpg</path>
	<source>
		<database>Unknown</database>
	</source>
	<size>
		<width>346</width>
		<height>294</height>
		<depth>3</depth>
	</size>
	<segmented>0</segmented>
	<object>
		<name>bar_graph</name>
		<pose>Unspecified</pose>
		<truncated>0</truncated>
		<difficult>0</difficult>
		<bndbox>
			<xmin>74</xmin>
			<ymin>94</ymin>
			<xmax>222</xmax>
			<ymax>285</ymax>
		</bndbox>
	</object>
</annotation>
