<annotation>
	<folder>data</folder>
	<filename>data_10.jpg</filename>
	<path>D:\DashboardGraphExtract\data\data_10.jpg</path>
	<source>
		<database>Unknown</database>
	</source>
	<size>
		<width>800</width>
		<height>600</height>
		<depth>3</depth>
	</size>
	<segmented>0</segmented>
	<object>
		<name>line_chart</name>
		<pose>Unspecified</pose>
		<truncated>0</truncated>
		<difficult>0</difficult>
		<bndbox>
			<xmin>97</xmin>
			<ymin>120</ymin>
			<xmax>772</xmax>
			<ymax>233</ymax>
		</bndbox>
	</object>
	<object>
		<name>line_chart</name>
		<pose>Unspecified</pose>
		<truncated>0</truncated>
		<difficult>0</difficult>
		<bndbox>
			<xmin>95</xmin>
			<ymin>240</ymin>
			<xmax>766</xmax>
			<ymax>441</ymax>
		</bndbox>
	</object>
	<object>
		<name>line_chart</name>
		<pose>Unspecified</pose>
		<truncated>0</truncated>
		<difficult>0</difficult>
		<bndbox>
			<xmin>80</xmin>
			<ymin>369</ymin>
			<xmax>749</xmax>
			<ymax>537</ymax>
		</bndbox>
	</object>
</annotation>
