<annotation>
	<folder>data</folder>
	<filename>data_8.jpg</filename>
	<path>D:\DashboardGraphExtract\data\data_8.jpg</path>
	<source>
		<database>Unknown</database>
	</source>
	<size>
		<width>568</width>
		<height>315</height>
		<depth>3</depth>
	</size>
	<segmented>0</segmented>
	<object>
		<name>line_chart</name>
		<pose>Unspecified</pose>
		<truncated>0</truncated>
		<difficult>0</difficult>
		<bndbox>
			<xmin>97</xmin>
			<ymin>75</ymin>
			<xmax>508</xmax>
			<ymax>195</ymax>
		</bndbox>
	</object>
</annotation>
