<annotation>
	<folder>data</folder>
	<filename>data_36.jpg</filename>
	<path>D:\DashboardGraphExtract\data\data_36.jpg</path>
	<source>
		<database>Unknown</database>
	</source>
	<size>
		<width>2132</width>
		<height>1864</height>
		<depth>3</depth>
	</size>
	<segmented>0</segmented>
	<object>
		<name>bar_graph</name>
		<pose>Unspecified</pose>
		<truncated>0</truncated>
		<difficult>0</difficult>
		<bndbox>
			<xmin>271</xmin>
			<ymin>420</ymin>
			<xmax>1489</xmax>
			<ymax>1584</ymax>
		</bndbox>
	</object>
</annotation>
