<annotation>
	<folder>data</folder>
	<filename>data_61.jpg</filename>
	<path>D:\DashboardGraphExtract\data\data_61.jpg</path>
	<source>
		<database>Unknown</database>
	</source>
	<size>
		<width>424</width>
		<height>536</height>
		<depth>3</depth>
	</size>
	<segmented>0</segmented>
	<object>
		<name>bar_graph</name>
		<pose>Unspecified</pose>
		<truncated>0</truncated>
		<difficult>0</difficult>
		<bndbox>
			<xmin>238</xmin>
			<ymin>128</ymin>
			<xmax>414</xmax>
			<ymax>528</ymax>
		</bndbox>
	</object>
</annotation>
