<annotation>
	<folder>data</folder>
	<filename>data_62.jpg</filename>
	<path>D:\DashboardGraphExtract\data\data_62.jpg</path>
	<source>
		<database>Unknown</database>
	</source>
	<size>
		<width>424</width>
		<height>536</height>
		<depth>3</depth>
	</size>
	<segmented>0</segmented>
	<object>
		<name>bar_graph</name>
		<pose>Unspecified</pose>
		<truncated>0</truncated>
		<difficult>0</difficult>
		<bndbox>
			<xmin>231</xmin>
			<ymin>126</ymin>
			<xmax>416</xmax>
			<ymax>529</ymax>
		</bndbox>
	</object>
</annotation>
