<annotation>
	<folder>data</folder>
	<filename>data_53.jpg</filename>
	<path>D:\DashboardGraphExtract\data\data_53.jpg</path>
	<source>
		<database>Unknown</database>
	</source>
	<size>
		<width>480</width>
		<height>289</height>
		<depth>3</depth>
	</size>
	<segmented>0</segmented>
	<object>
		<name>area_chart</name>
		<pose>Unspecified</pose>
		<truncated>0</truncated>
		<difficult>0</difficult>
		<bndbox>
			<xmin>27</xmin>
			<ymin>84</ymin>
			<xmax>283</xmax>
			<ymax>254</ymax>
		</bndbox>
	</object>
</annotation>
