<annotation>
	<folder>data</folder>
	<filename>data_32.jpg</filename>
	<path>D:\DashboardGraphExtract\data\data_32.jpg</path>
	<source>
		<database>Unknown</database>
	</source>
	<size>
		<width>480</width>
		<height>480</height>
		<depth>3</depth>
	</size>
	<segmented>0</segmented>
	<object>
		<name>donut</name>
		<pose>Unspecified</pose>
		<truncated>0</truncated>
		<difficult>0</difficult>
		<bndbox>
			<xmin>100</xmin>
			<ymin>93</ymin>
			<xmax>397</xmax>
			<ymax>395</ymax>
		</bndbox>
	</object>
</annotation>
