<annotation>
	<folder>data</folder>
	<filename>data_71.jpg</filename>
	<path>D:\DashboardGraphExtract\data\data_71.jpg</path>
	<source>
		<database>Unknown</database>
	</source>
	<size>
		<width>819</width>
		<height>654</height>
		<depth>3</depth>
	</size>
	<segmented>0</segmented>
	<object>
		<name>bar_graph</name>
		<pose>Unspecified</pose>
		<truncated>0</truncated>
		<difficult>0</difficult>
		<bndbox>
			<xmin>90</xmin>
			<ymin>122</ymin>
			<xmax>759</xmax>
			<ymax>590</ymax>
		</bndbox>
	</object>
</annotation>
