<annotation>
	<folder>data</folder>
	<filename>data_16.jpg</filename>
	<path>D:\DashboardGraphExtract\data\data_16.jpg</path>
	<source>
		<database>Unknown</database>
	</source>
	<size>
		<width>1600</width>
		<height>958</height>
		<depth>1</depth>
	</size>
	<segmented>0</segmented>
	<object>
		<name>line_chart</name>
		<pose>Unspecified</pose>
		<truncated>0</truncated>
		<difficult>0</difficult>
		<bndbox>
			<xmin>87</xmin>
			<ymin>386</ymin>
			<xmax>938</xmax>
			<ymax>795</ymax>
		</bndbox>
	</object>
</annotation>
