<annotation>
	<folder>data</folder>
	<filename>data_79.jpg</filename>
	<path>D:\DashboardGraphExtract\data\data_79.jpg</path>
	<source>
		<database>Unknown</database>
	</source>
	<size>
		<width>1293</width>
		<height>721</height>
		<depth>3</depth>
	</size>
	<segmented>0</segmented>
	<object>
		<name>line_chart</name>
		<pose>Unspecified</pose>
		<truncated>0</truncated>
		<difficult>0</difficult>
		<bndbox>
			<xmin>74</xmin>
			<ymin>97</ymin>
			<xmax>1066</xmax>
			<ymax>335</ymax>
		</bndbox>
	</object>
	<object>
		<name>line_chart</name>
		<pose>Unspecified</pose>
		<truncated>0</truncated>
		<difficult>0</difficult>
		<bndbox>
			<xmin>77</xmin>
			<ymin>315</ymin>
			<xmax>1055</xmax>
			<ymax>528</ymax>
		</bndbox>
	</object>
	<object>
		<name>line_chart</name>
		<pose>Unspecified</pose>
		<truncated>0</truncated>
		<difficult>0</difficult>
		<bndbox>
			<xmin>80</xmin>
			<ymin>529</ymin>
			<xmax>1051</xmax>
			<ymax>651</ymax>
		</bndbox>
	</object>
</annotation>
