<annotation>
	<folder>data</folder>
	<filename>data_19.jpg</filename>
	<path>D:\DashboardGraphExtract\data\data_19.jpg</path>
	<source>
		<database>Unknown</database>
	</source>
	<size>
		<width>1063</width>
		<height>1063</height>
		<depth>3</depth>
	</size>
	<segmented>0</segmented>
	<object>
		<name>pie_chart</name>
		<pose>Unspecified</pose>
		<truncated>0</truncated>
		<difficult>0</difficult>
		<bndbox>
			<xmin>209</xmin>
			<ymin>227</ymin>
			<xmax>847</xmax>
			<ymax>890</ymax>
		</bndbox>
	</object>
</annotation>
