<annotation>
	<folder>data</folder>
	<filename>data_48.jpg</filename>
	<path>D:\DashboardGraphExtract\data\data_48.jpg</path>
	<source>
		<database>Unknown</database>
	</source>
	<size>
		<width>680</width>
		<height>376</height>
		<depth>3</depth>
	</size>
	<segmented>0</segmented>
	<object>
		<name>area_chart</name>
		<pose>Unspecified</pose>
		<truncated>0</truncated>
		<difficult>0</difficult>
		<bndbox>
			<xmin>69</xmin>
			<ymin>114</ymin>
			<xmax>539</xmax>
			<ymax>331</ymax>
		</bndbox>
	</object>
</annotation>
