<annotation>
	<folder>data</folder>
	<filename>data_11.jpg</filename>
	<path>D:\DashboardGraphExtract\data\data_11.jpg</path>
	<source>
		<database>Unknown</database>
	</source>
	<size>
		<width>1063</width>
		<height>1063</height>
		<depth>3</depth>
	</size>
	<segmented>0</segmented>
	<object>
		<name>bar_graph</name>
		<pose>Unspecified</pose>
		<truncated>0</truncated>
		<difficult>0</difficult>
		<bndbox>
			<xmin>103</xmin>
			<ymin>291</ymin>
			<xmax>902</xmax>
			<ymax>928</ymax>
		</bndbox>
	</object>
</annotation>
