<annotation>
	<folder>data</folder>
	<filename>data_20.jpg</filename>
	<path>D:\DashboardGraphExtract\data\data_20.jpg</path>
	<source>
		<database>Unknown</database>
	</source>
	<size>
		<width>1919</width>
		<height>956</height>
		<depth>3</depth>
	</size>
	<segmented>0</segmented>
	<object>
		<name>donut</name>
		<pose>Unspecified</pose>
		<truncated>0</truncated>
		<difficult>0</difficult>
		<bndbox>
			<xmin>584</xmin>
			<ymin>380</ymin>
			<xmax>937</xmax>
			<ymax>742</ymax>
		</bndbox>
	</object>
</annotation>
