<annotation>
	<folder>data</folder>
	<filename>data_73.jpg</filename>
	<path>D:\DashboardGraphExtract\data\data_73.jpg</path>
	<source>
		<database>Unknown</database>
	</source>
	<size>
		<width>534</width>
		<height>276</height>
		<depth>3</depth>
	</size>
	<segmented>0</segmented>
	<object>
		<name>bar_graph</name>
		<pose>Unspecified</pose>
		<truncated>0</truncated>
		<difficult>0</difficult>
		<bndbox>
			<xmin>70</xmin>
			<ymin>21</ymin>
			<xmax>426</xmax>
			<ymax>265</ymax>
		</bndbox>
	</object>
</annotation>
