<annotation>
	<folder>data</folder>
	<filename>data_64.jpg</filename>
	<path>D:\DashboardGraphExtract\data\data_64.jpg</path>
	<source>
		<database>Unknown</database>
	</source>
	<size>
		<width>576</width>
		<height>371</height>
		<depth>3</depth>
	</size>
	<segmented>0</segmented>
	<object>
		<name>pie_chart</name>
		<pose>Unspecified</pose>
		<truncated>0</truncated>
		<difficult>0</difficult>
		<bndbox>
			<xmin>95</xmin>
			<ymin>37</ymin>
			<xmax>353</xmax>
			<ymax>292</ymax>
		</bndbox>
	</object>
</annotation>
