<annotation>
	<folder>data</folder>
	<filename>data_4.jpg</filename>
	<path>D:\DashboardGraphExtract\data\data_4.jpg</path>
	<source>
		<database>Unknown</database>
	</source>
	<size>
		<width>1080</width>
		<height>902</height>
		<depth>3</depth>
	</size>
	<segmented>0</segmented>
	<object>
		<name>donut</name>
		<pose>Unspecified</pose>
		<truncated>0</truncated>
		<difficult>0</difficult>
		<bndbox>
			<xmin>77</xmin>
			<ymin>65</ymin>
			<xmax>887</xmax>
			<ymax>869</ymax>
		</bndbox>
	</object>
</annotation>
