<annotation>
	<folder>data</folder>
	<filename>data_58.jpg</filename>
	<path>D:\DashboardGraphExtract\data\data_58.jpg</path>
	<source>
		<database>Unknown</database>
	</source>
	<size>
		<width>634</width>
		<height>598</height>
		<depth>3</depth>
	</size>
	<segmented>0</segmented>
	<object>
		<name>donut</name>
		<pose>Unspecified</pose>
		<truncated>0</truncated>
		<difficult>0</difficult>
		<bndbox>
			<xmin>153</xmin>
			<ymin>162</ymin>
			<xmax>457</xmax>
			<ymax>464</ymax>
		</bndbox>
	</object>
</annotation>
