<annotation>
	<folder>data</folder>
	<filename>data_3.jpg</filename>
	<path>D:\DashboardGraphExtract\data\data_3.jpg</path>
	<source>
		<database>Unknown</database>
	</source>
	<size>
		<width>903</width>
		<height>814</height>
		<depth>3</depth>
	</size>
	<segmented>0</segmented>
	<object>
		<name>bar_graph</name>
		<pose>Unspecified</pose>
		<truncated>0</truncated>
		<difficult>0</difficult>
		<bndbox>
			<xmin>159</xmin>
			<ymin>98</ymin>
			<xmax>874</xmax>
			<ymax>600</ymax>
		</bndbox>
	</object>
</annotation>
