<annotation>
	<folder>data</folder>
	<filename>data_17.jpg</filename>
	<path>D:\DashboardGraphExtract\data\data_17.jpg</path>
	<source>
		<database>Unknown</database>
	</source>
	<size>
		<width>1500</width>
		<height>720</height>
		<depth>3</depth>
	</size>
	<segmented>0</segmented>
	<object>
		<name>line_chart</name>
		<pose>Unspecified</pose>
		<truncated>0</truncated>
		<difficult>0</difficult>
		<bndbox>
			<xmin>201</xmin>
			<ymin>182</ymin>
			<xmax>1281</xmax>
			<ymax>317</ymax>
		</bndbox>
	</object>
	<object>
		<name>bar_graph</name>
		<pose>Unspecified</pose>
		<truncated>0</truncated>
		<difficult>0</difficult>
		<bndbox>
			<xmin>140</xmin>
			<ymin>221</ymin>
			<xmax>1328</xmax>
			<ymax>647</ymax>
		</bndbox>
	</object>
</annotation>
