<annotation>
	<folder>data</folder>
	<filename>data_13.jpg</filename>
	<path>D:\DashboardGraphExtract\data\data_13.jpg</path>
	<source>
		<database>Unknown</database>
	</source>
	<size>
		<width>600</width>
		<height>399</height>
		<depth>3</depth>
	</size>
	<segmented>0</segmented>
	<object>
		<name>pie_chart</name>
		<pose>Unspecified</pose>
		<truncated>0</truncated>
		<difficult>0</difficult>
		<bndbox>
			<xmin>226</xmin>
			<ymin>110</ymin>
			<xmax>482</xmax>
			<ymax>337</ymax>
		</bndbox>
	</object>
</annotation>
