<annotation>
	<folder>data</folder>
	<filename>data_5.jpg</filename>
	<path>D:\DashboardGraphExtract\data\data_5.jpg</path>
	<source>
		<database>Unknown</database>
	</source>
	<size>
		<width>768</width>
		<height>416</height>
		<depth>3</depth>
	</size>
	<segmented>0</segmented>
	<object>
		<name>pie_chart</name>
		<pose>Unspecified</pose>
		<truncated>0</truncated>
		<difficult>0</difficult>
		<bndbox>
			<xmin>501</xmin>
			<ymin>149</ymin>
			<xmax>652</xmax>
			<ymax>295</ymax>
		</bndbox>
	</object>
	<object>
		<name>pie_chart</name>
		<pose>Unspecified</pose>
		<truncated>0</truncated>
		<difficult>0</difficult>
		<bndbox>
			<xmin>112</xmin>
			<ymin>147</ymin>
			<xmax>265</xmax>
			<ymax>294</ymax>
		</bndbox>
	</object>
</annotation>
