<annotation>
	<folder>data</folder>
	<filename>data_24.jpg</filename>
	<path>D:\DashboardGraphExtract\data\data_24.jpg</path>
	<source>
		<database>Unknown</database>
	</source>
	<size>
		<width>479</width>
		<height>302</height>
		<depth>3</depth>
	</size>
	<segmented>0</segmented>
	<object>
		<name>line_chart</name>
		<pose>Unspecified</pose>
		<truncated>0</truncated>
		<difficult>0</difficult>
		<bndbox>
			<xmin>83</xmin>
			<ymin>40</ymin>
			<xmax>448</xmax>
			<ymax>157</ymax>
		</bndbox>
	</object>
</annotation>
