<annotation>
	<folder>data</folder>
	<filename>data_9.jpg</filename>
	<path>D:\DashboardGraphExtract\data\data_9.jpg</path>
	<source>
		<database>Unknown</database>
	</source>
	<size>
		<width>1500</width>
		<height>700</height>
		<depth>3</depth>
	</size>
	<segmented>0</segmented>
	<object>
		<name>bar_graph</name>
		<pose>Unspecified</pose>
		<truncated>0</truncated>
		<difficult>0</difficult>
		<bndbox>
			<xmin>108</xmin>
			<ymin>195</ymin>
			<xmax>1432</xmax>
			<ymax>615</ymax>
		</bndbox>
	</object>
</annotation>
