<annotation>
	<folder>data</folder>
	<filename>data_15.jpg</filename>
	<path>D:\DashboardGraphExtract\data\data_15.jpg</path>
	<source>
		<database>Unknown</database>
	</source>
	<size>
		<width>1063</width>
		<height>1063</height>
		<depth>3</depth>
	</size>
	<segmented>0</segmented>
	<object>
		<name>bar_graph</name>
		<pose>Unspecified</pose>
		<truncated>0</truncated>
		<difficult>0</difficult>
		<bndbox>
			<xmin>253</xmin>
			<ymin>315</ymin>
			<xmax>889</xmax>
			<ymax>937</ymax>
		</bndbox>
	</object>
</annotation>
