<annotation>
	<folder>data</folder>
	<filename>data_40.jpg</filename>
	<path>D:\DashboardGraphExtract\data\data_40.jpg</path>
	<source>
		<database>Unknown</database>
	</source>
	<size>
		<width>545</width>
		<height>515</height>
		<depth>3</depth>
	</size>
	<segmented>0</segmented>
	<object>
		<name>donut</name>
		<pose>Unspecified</pose>
		<truncated>0</truncated>
		<difficult>0</difficult>
		<bndbox>
			<xmin>63</xmin>
			<ymin>26</ymin>
			<xmax>475</xmax>
			<ymax>437</ymax>
		</bndbox>
	</object>
</annotation>
