<annotation>
	<folder>data</folder>
	<filename>data_47.jpg</filename>
	<path>D:\DashboardGraphExtract\data\data_47.jpg</path>
	<source>
		<database>Unknown</database>
	</source>
	<size>
		<width>730</width>
		<height>320</height>
		<depth>3</depth>
	</size>
	<segmented>0</segmented>
	<object>
		<name>area_chart</name>
		<pose>Unspecified</pose>
		<truncated>0</truncated>
		<difficult>0</difficult>
		<bndbox>
			<xmin>39</xmin>
			<ymin>64</ymin>
			<xmax>703</xmax>
			<ymax>288</ymax>
		</bndbox>
	</object>
</annotation>
