<annotation>
	<folder>data</folder>
	<filename>data_44.jpg</filename>
	<path>D:\DashboardGraphExtract\data\data_44.jpg</path>
	<source>
		<database>Unknown</database>
	</source>
	<size>
		<width>972</width>
		<height>765</height>
		<depth>3</depth>
	</size>
	<segmented>0</segmented>
	<object>
		<name>pie_chart</name>
		<pose>Unspecified</pose>
		<truncated>0</truncated>
		<difficult>0</difficult>
		<bndbox>
			<xmin>6</xmin>
			<ymin>22</ymin>
			<xmax>730</xmax>
			<ymax>744</ymax>
		</bndbox>
	</object>
</annotation>
