<annotation>
	<folder>data</folder>
	<filename>data_26.jpg</filename>
	<path>D:\DashboardGraphExtract\data\data_26.jpg</path>
	<source>
		<database>Unknown</database>
	</source>
	<size>
		<width>777</width>
		<height>522</height>
		<depth>3</depth>
	</size>
	<segmented>0</segmented>
	<object>
		<name>line_chart</name>
		<pose>Unspecified</pose>
		<truncated>0</truncated>
		<difficult>0</difficult>
		<bndbox>
			<xmin>98</xmin>
			<ymin>103</ymin>
			<xmax>716</xmax>
			<ymax>405</ymax>
		</bndbox>
	</object>
</annotation>
