<annotation>
	<folder>data</folder>
	<filename>data_45.jpg</filename>
	<path>D:\DashboardGraphExtract\data\data_45.jpg</path>
	<source>
		<database>Unknown</database>
	</source>
	<size>
		<width>350</width>
		<height>210</height>
		<depth>3</depth>
	</size>
	<segmented>0</segmented>
	<object>
		<name>area_chart</name>
		<pose>Unspecified</pose>
		<truncated>0</truncated>
		<difficult>0</difficult>
		<bndbox>
			<xmin>43</xmin>
			<ymin>46</ymin>
			<xmax>332</xmax>
			<ymax>165</ymax>
		</bndbox>
	</object>
</annotation>
