<annotation>
	<folder>data</folder>
	<filename>data_76.jpg</filename>
	<path>D:\DashboardGraphExtract\data\data_76.jpg</path>
	<source>
		<database>Unknown</database>
	</source>
	<size>
		<width>301</width>
		<height>392</height>
		<depth>3</depth>
	</size>
	<segmented>0</segmented>
	<object>
		<name>bar_graph</name>
		<pose>Unspecified</pose>
		<truncated>0</truncated>
		<difficult>0</difficult>
		<bndbox>
			<xmin>58</xmin>
			<ymin>58</ymin>
			<xmax>233</xmax>
			<ymax>200</ymax>
		</bndbox>
	</object>
</annotation>
