<annotation>
	<folder>data</folder>
	<filename>data_38.jpg</filename>
	<path>D:\DashboardGraphExtract\data\data_38.jpg</path>
	<source>
		<database>Unknown</database>
	</source>
	<size>
		<width>3000</width>
		<height>2000</height>
		<depth>3</depth>
	</size>
	<segmented>0</segmented>
	<object>
		<name>area_chart</name>
		<pose>Unspecified</pose>
		<truncated>0</truncated>
		<difficult>0</difficult>
		<bndbox>
			<xmin>92</xmin>
			<ymin>278</ymin>
			<xmax>2711</xmax>
			<ymax>1661</ymax>
		</bndbox>
	</object>
</annotation>
