<annotation>
	<folder>data</folder>
	<filename>data_60.jpg</filename>
	<path>D:\DashboardGraphExtract\data\data_60.jpg</path>
	<source>
		<database>Unknown</database>
	</source>
	<size>
		<width>300</width>
		<height>287</height>
		<depth>3</depth>
	</size>
	<segmented>0</segmented>
	<object>
		<name>bar_graph</name>
		<pose>Unspecified</pose>
		<truncated>0</truncated>
		<difficult>0</difficult>
		<bndbox>
			<xmin>56</xmin>
			<ymin>11</ymin>
			<xmax>218</xmax>
			<ymax>221</ymax>
		</bndbox>
	</object>
</annotation>
