<annotation>
	<folder>data</folder>
	<filename>data_14.jpg</filename>
	<path>D:\DashboardGraphExtract\data\data_14.jpg</path>
	<source>
		<database>Unknown</database>
	</source>
	<size>
		<width>740</width>
		<height>728</height>
		<depth>3</depth>
	</size>
	<segmented>0</segmented>
	<object>
		<name>pie_chart</name>
		<pose>Unspecified</pose>
		<truncated>0</truncated>
		<difficult>0</difficult>
		<bndbox>
			<xmin>171</xmin>
			<ymin>136</ymin>
			<xmax>577</xmax>
			<ymax>545</ymax>
		</bndbox>
	</object>
</annotation>
