<annotation>
	<folder>data</folder>
	<filename>data_43.jpg</filename>
	<path>D:\DashboardGraphExtract\data\data_43.jpg</path>
	<source>
		<database>Unknown</database>
	</source>
	<size>
		<width>1698</width>
		<height>748</height>
		<depth>3</depth>
	</size>
	<segmented>0</segmented>
	<object>
		<name>bar_graph</name>
		<pose>Unspecified</pose>
		<truncated>0</truncated>
		<difficult>0</difficult>
		<bndbox>
			<xmin>552</xmin>
			<ymin>192</ymin>
			<xmax>1619</xmax>
			<ymax>741</ymax>
		</bndbox>
	</object>
</annotation>
