<annotation>
	<folder>data</folder>
	<filename>data_67.jpg</filename>
	<path>D:\DashboardGraphExtract\data\data_67.jpg</path>
	<source>
		<database>Unknown</database>
	</source>
	<size>
		<width>1600</width>
		<height>600</height>
		<depth>3</depth>
	</size>
	<segmented>0</segmented>
	<object>
		<name>bar_graph</name>
		<pose>Unspecified</pose>
		<truncated>0</truncated>
		<difficult>0</difficult>
		<bndbox>
			<xmin>97</xmin>
			<ymin>102</ymin>
			<xmax>583</xmax>
			<ymax>544</ymax>
		</bndbox>
	</object>
	<object>
		<name>bar_graph</name>
		<pose>Unspecified</pose>
		<truncated>0</truncated>
		<difficult>0</difficult>
		<bndbox>
			<xmin>961</xmin>
			<ymin>127</ymin>
			<xmax>1327</xmax>
			<ymax>538</ymax>
		</bndbox>
	</object>
</annotation>
