<annotation>
	<folder>data</folder>
	<filename>data_28.jpg</filename>
	<path>D:\DashboardGraphExtract\data\data_28.jpg</path>
	<source>
		<database>Unknown</database>
	</source>
	<size>
		<width>436</width>
		<height>286</height>
		<depth>3</depth>
	</size>
	<segmented>0</segmented>
	<object>
		<name>pie_chart</name>
		<pose>Unspecified</pose>
		<truncated>0</truncated>
		<difficult>0</difficult>
		<bndbox>
			<xmin>75</xmin>
			<ymin>62</ymin>
			<xmax>278</xmax>
			<ymax>257</ymax>
		</bndbox>
	</object>
</annotation>
