<annotation>
	<folder>data</folder>
	<filename>data_35.jpg</filename>
	<path>D:\DashboardGraphExtract\data\data_35.jpg</path>
	<source>
		<database>Unknown</database>
	</source>
	<size>
		<width>960</width>
		<height>540</height>
		<depth>3</depth>
	</size>
	<segmented>0</segmented>
	<object>
		<name>area_chart</name>
		<pose>Unspecified</pose>
		<truncated>0</truncated>
		<difficult>0</difficult>
		<bndbox>
			<xmin>12</xmin>
			<ymin>67</ymin>
			<xmax>455</xmax>
			<ymax>226</ymax>
		</bndbox>
	</object>
	<object>
		<name>area_chart</name>
		<pose>Unspecified</pose>
		<truncated>0</truncated>
		<difficult>0</difficult>
		<bndbox>
			<xmin>509</xmin>
			<ymin>78</ymin>
			<xmax>935</xmax>
			<ymax>229</ymax>
		</bndbox>
	</object>
	<object>
		<name>area_chart</name>
		<pose>Unspecified</pose>
		<truncated>0</truncated>
		<difficult>0</difficult>
		<bndbox>
			<xmin>302</xmin>
			<ymin>302</ymin>
			<xmax>709</xmax>
			<ymax>476</ymax>
		</bndbox>
	</object>
</annotation>
