<annotation>
	<folder>data</folder>
	<filename>data_55.jpg</filename>
	<path>D:\DashboardGraphExtract\data\data_55.jpg</path>
	<source>
		<database>Unknown</database>
	</source>
	<size>
		<width>395</width>
		<height>293</height>
		<depth>3</depth>
	</size>
	<segmented>0</segmented>
	<object>
		<name>area_chart</name>
		<pose>Unspecified</pose>
		<truncated>0</truncated>
		<difficult>0</difficult>
		<bndbox>
			<xmin>56</xmin>
			<ymin>24</ymin>
			<xmax>383</xmax>
			<ymax>262</ymax>
		</bndbox>
	</object>
</annotation>
