<annotation>
	<folder>data</folder>
	<filename>data_7.jpg</filename>
	<path>D:\DashboardGraphExtract\data\data_7.jpg</path>
	<source>
		<database>Unknown</database>
	</source>
	<size>
		<width>442</width>
		<height>369</height>
		<depth>3</depth>
	</size>
	<segmented>0</segmented>
	<object>
		<name>pie_chart</name>
		<pose>Unspecified</pose>
		<truncated>0</truncated>
		<difficult>0</difficult>
		<bndbox>
			<xmin>42</xmin>
			<ymin>82</ymin>
			<xmax>308</xmax>
			<ymax>351</ymax>
		</bndbox>
	</object>
</annotation>
