<annotation>
	<folder>data</folder>
	<filename>data_68.jpg</filename>
	<path>D:\DashboardGraphExtract\data\data_68.jpg</path>
	<source>
		<database>Unknown</database>
	</source>
	<size>
		<width>757</width>
		<height>517</height>
		<depth>3</depth>
	</size>
	<segmented>0</segmented>
	<object>
		<name>bar_graph</name>
		<pose>Unspecified</pose>
		<truncated>0</truncated>
		<difficult>0</difficult>
		<bndbox>
			<xmin>94</xmin>
			<ymin>79</ymin>
			<xmax>637</xmax>
			<ymax>460</ymax>
		</bndbox>
	</object>
</annotation>
