<annotation>
	<folder>data</folder>
	<filename>data_66.jpg</filename>
	<path>D:\DashboardGraphExtract\data\data_66.jpg</path>
	<source>
		<database>Unknown</database>
	</source>
	<size>
		<width>708</width>
		<height>389</height>
		<depth>3</depth>
	</size>
	<segmented>0</segmented>
	<object>
		<name>bar_graph</name>
		<pose>Unspecified</pose>
		<truncated>0</truncated>
		<difficult>0</difficult>
		<bndbox>
			<xmin>395</xmin>
			<ymin>51</ymin>
			<xmax>631</xmax>
			<ymax>162</ymax>
		</bndbox>
	</object>
	<object>
		<name>bar_graph</name>
		<pose>Unspecified</pose>
		<truncated>0</truncated>
		<difficult>0</difficult>
		<bndbox>
			<xmin>396</xmin>
			<ymin>247</ymin>
			<xmax>637</xmax>
			<ymax>340</ymax>
		</bndbox>
	</object>
	<object>
		<name>bar_graph</name>
		<pose>Unspecified</pose>
		<truncated>0</truncated>
		<difficult>0</difficult>
		<bndbox>
			<xmin>44</xmin>
			<ymin>68</ymin>
			<xmax>331</xmax>
			<ymax>162</ymax>
		</bndbox>
	</object>
	<object>
		<name>bar_graph</name>
		<pose>Unspecified</pose>
		<truncated>0</truncated>
		<difficult>0</difficult>
		<bndbox>
			<xmin>53</xmin>
			<ymin>262</ymin>
			<xmax>320</xmax>
			<ymax>340</ymax>
		</bndbox>
	</object>
</annotation>
