<annotation>
	<folder>data</folder>
	<filename>data_21.jpg</filename>
	<path>D:\DashboardGraphExtract\data\data_21.jpg</path>
	<source>
		<database>Unknown</database>
	</source>
	<size>
		<width>718</width>
		<height>436</height>
		<depth>3</depth>
	</size>
	<segmented>0</segmented>
	<object>
		<name>bar_graph</name>
		<pose>Unspecified</pose>
		<truncated>0</truncated>
		<difficult>0</difficult>
		<bndbox>
			<xmin>121</xmin>
			<ymin>111</ymin>
			<xmax>629</xmax>
			<ymax>344</ymax>
		</bndbox>
	</object>
</annotation>
