<annotation>
	<folder>data</folder>
	<filename>data_59.jpg</filename>
	<path>D:\DashboardGraphExtract\data\data_59.jpg</path>
	<source>
		<database>Unknown</database>
	</source>
	<size>
		<width>799</width>
		<height>450</height>
		<depth>3</depth>
	</size>
	<segmented>0</segmented>
	<object>
		<name>pie_chart</name>
		<pose>Unspecified</pose>
		<truncated>0</truncated>
		<difficult>0</difficult>
		<bndbox>
			<xmin>114</xmin>
			<ymin>56</ymin>
			<xmax>489</xmax>
			<ymax>433</ymax>
		</bndbox>
	</object>
</annotation>
