<annotation>
	<folder>data</folder>
	<filename>data_27.jpg</filename>
	<path>D:\DashboardGraphExtract\data\data_27.jpg</path>
	<source>
		<database>Unknown</database>
	</source>
	<size>
		<width>1200</width>
		<height>800</height>
		<depth>3</depth>
	</size>
	<segmented>0</segmented>
	<object>
		<name>line_chart</name>
		<pose>Unspecified</pose>
		<truncated>0</truncated>
		<difficult>0</difficult>
		<bndbox>
			<xmin>142</xmin>
			<ymin>179</ymin>
			<xmax>1165</xmax>
			<ymax>586</ymax>
		</bndbox>
	</object>
</annotation>
