<annotation>
	<folder>data</folder>
	<filename>data_74.jpg</filename>
	<path>D:\DashboardGraphExtract\data\data_74.jpg</path>
	<source>
		<database>Unknown</database>
	</source>
	<size>
		<width>651</width>
		<height>696</height>
		<depth>3</depth>
	</size>
	<segmented>0</segmented>
	<object>
		<name>bar_graph</name>
		<pose>Unspecified</pose>
		<truncated>0</truncated>
		<difficult>0</difficult>
		<bndbox>
			<xmin>132</xmin>
			<ymin>332</ymin>
			<xmax>438</xmax>
			<ymax>633</ymax>
		</bndbox>
	</object>
</annotation>
