<annotation>
	<folder>data</folder>
	<filename>data_23.jpg</filename>
	<path>D:\DashboardGraphExtract\data\data_23.jpg</path>
	<source>
		<database>Unknown</database>
	</source>
	<size>
		<width>470</width>
		<height>297</height>
		<depth>3</depth>
	</size>
	<segmented>0</segmented>
	<object>
		<name>line_chart</name>
		<pose>Unspecified</pose>
		<truncated>0</truncated>
		<difficult>0</difficult>
		<bndbox>
			<xmin>80</xmin>
			<ymin>29</ymin>
			<xmax>447</xmax>
			<ymax>178</ymax>
		</bndbox>
	</object>
</annotation>
