<annotation>
	<folder>data</folder>
	<filename>data_18.jpg</filename>
	<path>D:\DashboardGraphExtract\data\data_18.jpg</path>
	<source>
		<database>Unknown</database>
	</source>
	<size>
		<width>603</width>
		<height>564</height>
		<depth>3</depth>
	</size>
	<segmented>0</segmented>
	<object>
		<name>donut</name>
		<pose>Unspecified</pose>
		<truncated>0</truncated>
		<difficult>0</difficult>
		<bndbox>
			<xmin>60</xmin>
			<ymin>103</ymin>
			<xmax>382</xmax>
			<ymax>434</ymax>
		</bndbox>
	</object>
</annotation>
