<annotation>
	<folder>data</folder>
	<filename>data_69.jpg</filename>
	<path>D:\DashboardGraphExtract\data\data_69.jpg</path>
	<source>
		<database>Unknown</database>
	</source>
	<size>
		<width>581</width>
		<height>343</height>
		<depth>3</depth>
	</size>
	<segmented>0</segmented>
	<object>
		<name>bar_graph</name>
		<pose>Unspecified</pose>
		<truncated>0</truncated>
		<difficult>0</difficult>
		<bndbox>
			<xmin>73</xmin>
			<ymin>105</ymin>
			<xmax>163</xmax>
			<ymax>275</ymax>
		</bndbox>
	</object>
	<object>
		<name>bar_graph</name>
		<pose>Unspecified</pose>
		<truncated>0</truncated>
		<difficult>0</difficult>
		<bndbox>
			<xmin>203</xmin>
			<ymin>101</ymin>
			<xmax>289</xmax>
			<ymax>276</ymax>
		</bndbox>
	</object>
	<object>
		<name>bar_graph</name>
		<pose>Unspecified</pose>
		<truncated>0</truncated>
		<difficult>0</difficult>
		<bndbox>
			<xmin>333</xmin>
			<ymin>128</ymin>
			<xmax>411</xmax>
			<ymax>272</ymax>
		</bndbox>
	</object>
	<object>
		<name>bar_graph</name>
		<pose>Unspecified</pose>
		<truncated>0</truncated>
		<difficult>0</difficult>
		<bndbox>
			<xmin>454</xmin>
			<ymin>82</ymin>
			<xmax>543</xmax>
			<ymax>273</ymax>
		</bndbox>
	</object>
</annotation>
