<annotation>
	<folder>data</folder>
	<filename>data_63.jpg</filename>
	<path>D:\DashboardGraphExtract\data\data_63.jpg</path>
	<source>
		<database>Unknown</database>
	</source>
	<size>
		<width>514</width>
		<height>230</height>
		<depth>3</depth>
	</size>
	<segmented>0</segmented>
	<object>
		<name>bar_graph</name>
		<pose>Unspecified</pose>
		<truncated>0</truncated>
		<difficult>0</difficult>
		<bndbox>
			<xmin>105</xmin>
			<ymin>21</ymin>
			<xmax>370</xmax>
			<ymax>181</ymax>
		</bndbox>
	</object>
</annotation>
