<annotation>
	<folder>data</folder>
	<filename>data_1.jpg</filename>
	<path>D:\DashboardGraphExtract\data\data_1.jpg</path>
	<source>
		<database>Unknown</database>
	</source>
	<size>
		<width>1176</width>
		<height>378</height>
		<depth>3</depth>
	</size>
	<segmented>0</segmented>
	<object>
		<name>donut</name>
		<pose>Unspecified</pose>
		<truncated>0</truncated>
		<difficult>0</difficult>
		<bndbox>
			<xmin>424</xmin>
			<ymin>26</ymin>
			<xmax>760</xmax>
			<ymax>370</ymax>
		</bndbox>
	</object>
	<object>
		<name>donut</name>
		<pose>Unspecified</pose>
		<truncated>0</truncated>
		<difficult>0</difficult>
		<bndbox>
			<xmin>831</xmin>
			<ymin>27</ymin>
			<xmax>1167</xmax>
			<ymax>365</ymax>
		</bndbox>
	</object>
</annotation>
