<annotation>
	<folder>data</folder>
	<filename>data_42.jpg</filename>
	<path>D:\DashboardGraphExtract\data\data_42.jpg</path>
	<source>
		<database>Unknown</database>
	</source>
	<size>
		<width>525</width>
		<height>533</height>
		<depth>3</depth>
	</size>
	<segmented>0</segmented>
	<object>
		<name>bar_graph</name>
		<pose>Unspecified</pose>
		<truncated>0</truncated>
		<difficult>0</difficult>
		<bndbox>
			<xmin>67</xmin>
			<ymin>87</ymin>
			<xmax>496</xmax>
			<ymax>469</ymax>
		</bndbox>
	</object>
</annotation>
