<annotation>
	<folder>data</folder>
	<filename>data_75.jpg</filename>
	<path>D:\DashboardGraphExtract\data\data_75.jpg</path>
	<source>
		<database>Unknown</database>
	</source>
	<size>
		<width>819</width>
		<height>614</height>
		<depth>3</depth>
	</size>
	<segmented>0</segmented>
	<object>
		<name>bar_graph</name>
		<pose>Unspecified</pose>
		<truncated>0</truncated>
		<difficult>0</difficult>
		<bndbox>
			<xmin>146</xmin>
			<ymin>200</ymin>
			<xmax>663</xmax>
			<ymax>555</ymax>
		</bndbox>
	</object>
</annotation>
