<annotation>
	<folder>data</folder>
	<filename>data_65.jpg</filename>
	<path>D:\DashboardGraphExtract\data\data_65.jpg</path>
	<source>
		<database>Unknown</database>
	</source>
	<size>
		<width>1065</width>
		<height>441</height>
		<depth>1</depth>
	</size>
	<segmented>0</segmented>
	<object>
		<name>bar_graph</name>
		<pose>Unspecified</pose>
		<truncated>0</truncated>
		<difficult>0</difficult>
		<bndbox>
			<xmin>650</xmin>
			<ymin>94</ymin>
			<xmax>1006</xmax>
			<ymax>414</ymax>
		</bndbox>
	</object>
	<object>
		<name>bar_graph</name>
		<pose>Unspecified</pose>
		<truncated>0</truncated>
		<difficult>0</difficult>
		<bndbox>
			<xmin>76</xmin>
			<ymin>102</ymin>
			<xmax>496</xmax>
			<ymax>343</ymax>
		</bndbox>
	</object>
</annotation>
