<annotation>
	<folder>data</folder>
	<filename>data_6.jpg</filename>
	<path>D:\DashboardGraphExtract\data\data_6.jpg</path>
	<source>
		<database>Unknown</database>
	</source>
	<size>
		<width>800</width>
		<height>373</height>
		<depth>3</depth>
	</size>
	<segmented>0</segmented>
	<object>
		<name>bar_graph</name>
		<pose>Unspecified</pose>
		<truncated>0</truncated>
		<difficult>0</difficult>
		<bndbox>
			<xmin>8</xmin>
			<ymin>62</ymin>
			<xmax>780</xmax>
			<ymax>334</ymax>
		</bndbox>
	</object>
</annotation>
