<annotation>
	<folder>data</folder>
	<filename>data_51.jpg</filename>
	<path>D:\DashboardGraphExtract\data\data_51.jpg</path>
	<source>
		<database>Unknown</database>
	</source>
	<size>
		<width>1345</width>
		<height>497</height>
		<depth>3</depth>
	</size>
	<segmented>0</segmented>
	<object>
		<name>area_chart</name>
		<pose>Unspecified</pose>
		<truncated>0</truncated>
		<difficult>0</difficult>
		<bndbox>
			<xmin>100</xmin>
			<ymin>123</ymin>
			<xmax>1228</xmax>
			<ymax>448</ymax>
		</bndbox>
	</object>
</annotation>
