<annotation>
	<folder>data</folder>
	<filename>data_22.jpg</filename>
	<path>D:\DashboardGraphExtract\data\data_22.jpg</path>
	<source>
		<database>Unknown</database>
	</source>
	<size>
		<width>468</width>
		<height>317</height>
		<depth>3</depth>
	</size>
	<segmented>0</segmented>
	<object>
		<name>line_chart</name>
		<pose>Unspecified</pose>
		<truncated>0</truncated>
		<difficult>0</difficult>
		<bndbox>
			<xmin>66</xmin>
			<ymin>11</ymin>
			<xmax>443</xmax>
			<ymax>230</ymax>
		</bndbox>
	</object>
</annotation>
