<annotation>
	<folder>data</folder>
	<filename>data_54.jpg</filename>
	<path>D:\DashboardGraphExtract\data\data_54.jpg</path>
	<source>
		<database>Unknown</database>
	</source>
	<size>
		<width>381</width>
		<height>685</height>
		<depth>3</depth>
	</size>
	<segmented>0</segmented>
	<object>
		<name>area_chart</name>
		<pose>Unspecified</pose>
		<truncated>0</truncated>
		<difficult>0</difficult>
		<bndbox>
			<xmin>38</xmin>
			<ymin>53</ymin>
			<xmax>355</xmax>
			<ymax>163</ymax>
		</bndbox>
	</object>
	<object>
		<name>area_chart</name>
		<pose>Unspecified</pose>
		<truncated>0</truncated>
		<difficult>0</difficult>
		<bndbox>
			<xmin>34</xmin>
			<ymin>267</ymin>
			<xmax>358</xmax>
			<ymax>397</ymax>
		</bndbox>
	</object>
	<object>
		<name>area_chart</name>
		<pose>Unspecified</pose>
		<truncated>0</truncated>
		<difficult>0</difficult>
		<bndbox>
			<xmin>40</xmin>
			<ymin>485</ymin>
			<xmax>362</xmax>
			<ymax>628</ymax>
		</bndbox>
	</object>
</annotation>
