<annotation>
	<folder>data</folder>
	<filename>new_data_282.jpg</filename>
	<path>D:\DashboardGraphExtract\data\new_data_282.jpg</path>
	<source>
		<database>Unknown</database>
	</source>
	<size>
		<width>1741</width>
		<height>1206</height>
		<depth>3</depth>
	</size>
	<segmented>0</segmented>
	<object>
		<name>pie_chart</name>
		<pose>Unspecified</pose>
		<truncated>0</truncated>
		<difficult>0</difficult>
		<bndbox>
			<xmin>834</xmin>
			<ymin>371</ymin>
			<xmax>908</xmax>
			<ymax>460</ymax>
		</bndbox>
	</object>
	<object>
		<name>pie_chart</name>
		<pose>Unspecified</pose>
		<truncated>0</truncated>
		<difficult>0</difficult>
		<bndbox>
			<xmin>831</xmin>
			<ymin>612</ymin>
			<xmax>911</xmax>
			<ymax>700</ymax>
		</bndbox>
	</object>
	<object>
		<name>line_chart</name>
		<pose>Unspecified</pose>
		<truncated>0</truncated>
		<difficult>0</difficult>
		<bndbox>
			<xmin>1147</xmin>
			<ymin>403</ymin>
			<xmax>1679</xmax>
			<ymax>631</ymax>
		</bndbox>
	</object>
	<object>
		<name>bar_graph</name>
		<pose>Unspecified</pose>
		<truncated>0</truncated>
		<difficult>0</difficult>
		<bndbox>
			<xmin>789</xmin>
			<ymin>855</ymin>
			<xmax>1345</xmax>
			<ymax>1090</ymax>
		</bndbox>
	</object>
	<object>
		<name>bar_graph</name>
		<pose>Unspecified</pose>
		<truncated>0</truncated>
		<difficult>0</difficult>
		<bndbox>
			<xmin>84</xmin>
			<ymin>863</ymin>
			<xmax>657</xmax>
			<ymax>1085</ymax>
		</bndbox>
	</object>
</annotation>
