<annotation>
	<folder>data</folder>
	<filename>new_data_345.jpg</filename>
	<path>D:\DashboardGraphExtract\data\new_data_345.jpg</path>
	<source>
		<database>Unknown</database>
	</source>
	<size>
		<width>821</width>
		<height>734</height>
		<depth>3</depth>
	</size>
	<segmented>0</segmented>
	<object>
		<name>line_chart</name>
		<pose>Unspecified</pose>
		<truncated>0</truncated>
		<difficult>0</difficult>
		<bndbox>
			<xmin>77</xmin>
			<ymin>94</ymin>
			<xmax>760</xmax>
			<ymax>629</ymax>
		</bndbox>
	</object>
</annotation>
