<annotation>
	<folder>data</folder>
	<filename>new_data_58.jpg</filename>
	<path>D:\DashboardGraphExtract\data\new_data_58.jpg</path>
	<source>
		<database>Unknown</database>
	</source>
	<size>
		<width>780</width>
		<height>480</height>
		<depth>3</depth>
	</size>
	<segmented>0</segmented>
	<object>
		<name>area_chart</name>
		<pose>Unspecified</pose>
		<truncated>0</truncated>
		<difficult>0</difficult>
		<bndbox>
			<xmin>106</xmin>
			<ymin>92</ymin>
			<xmax>686</xmax>
			<ymax>396</ymax>
		</bndbox>
	</object>
</annotation>
