<annotation>
	<folder>data</folder>
	<filename>new_data_91.jpg</filename>
	<path>D:\DashboardGraphExtract\data\new_data_91.jpg</path>
	<source>
		<database>Unknown</database>
	</source>
	<size>
		<width>900</width>
		<height>890</height>
		<depth>3</depth>
	</size>
	<segmented>0</segmented>
	<object>
		<name>bar_graph</name>
		<pose>Unspecified</pose>
		<truncated>0</truncated>
		<difficult>0</difficult>
		<bndbox>
			<xmin>164</xmin>
			<ymin>188</ymin>
			<xmax>850</xmax>
			<ymax>817</ymax>
		</bndbox>
	</object>
</annotation>
