<annotation>
	<folder>data</folder>
	<filename>new_data_79.jpg</filename>
	<path>D:\DashboardGraphExtract\data\new_data_79.jpg</path>
	<source>
		<database>Unknown</database>
	</source>
	<size>
		<width>835</width>
		<height>479</height>
		<depth>3</depth>
	</size>
	<segmented>0</segmented>
	<object>
		<name>area_chart</name>
		<pose>Unspecified</pose>
		<truncated>0</truncated>
		<difficult>0</difficult>
		<bndbox>
			<xmin>170</xmin>
			<ymin>77</ymin>
			<xmax>734</xmax>
			<ymax>272</ymax>
		</bndbox>
	</object>
</annotation>
