<annotation>
	<folder>data</folder>
	<filename>new_data_182.jpg</filename>
	<path>D:\DashboardGraphExtract\data\new_data_182.jpg</path>
	<source>
		<database>Unknown</database>
	</source>
	<size>
		<width>768</width>
		<height>432</height>
		<depth>3</depth>
	</size>
	<segmented>0</segmented>
	<object>
		<name>area_chart</name>
		<pose>Unspecified</pose>
		<truncated>0</truncated>
		<difficult>0</difficult>
		<bndbox>
			<xmin>173</xmin>
			<ymin>118</ymin>
			<xmax>631</xmax>
			<ymax>390</ymax>
		</bndbox>
	</object>
</annotation>
