<annotation>
	<folder>data</folder>
	<filename>new_data_108.jpg</filename>
	<path>D:\DashboardGraphExtract\data\new_data_108.jpg</path>
	<source>
		<database>Unknown</database>
	</source>
	<size>
		<width>1280</width>
		<height>720</height>
		<depth>3</depth>
	</size>
	<segmented>0</segmented>
	<object>
		<name>bar_graph</name>
		<pose>Unspecified</pose>
		<truncated>0</truncated>
		<difficult>0</difficult>
		<bndbox>
			<xmin>803</xmin>
			<ymin>291</ymin>
			<xmax>1154</xmax>
			<ymax>557</ymax>
		</bndbox>
	</object>
	<object>
		<name>bar_graph</name>
		<pose>Unspecified</pose>
		<truncated>0</truncated>
		<difficult>0</difficult>
		<bndbox>
			<xmin>111</xmin>
			<ymin>265</ymin>
			<xmax>489</xmax>
			<ymax>557</ymax>
		</bndbox>
	</object>
</annotation>
