<annotation>
	<folder>data</folder>
	<filename>new_data_250.jpg</filename>
	<path>D:\DashboardGraphExtract\data\new_data_250.jpg</path>
	<source>
		<database>Unknown</database>
	</source>
	<size>
		<width>900</width>
		<height>477</height>
		<depth>3</depth>
	</size>
	<segmented>0</segmented>
	<object>
		<name>donut</name>
		<pose>Unspecified</pose>
		<truncated>0</truncated>
		<difficult>0</difficult>
		<bndbox>
			<xmin>479</xmin>
			<ymin>67</ymin>
			<xmax>552</xmax>
			<ymax>141</ymax>
		</bndbox>
	</object>
	<object>
		<name>donut</name>
		<pose>Unspecified</pose>
		<truncated>0</truncated>
		<difficult>0</difficult>
		<bndbox>
			<xmin>577</xmin>
			<ymin>63</ymin>
			<xmax>652</xmax>
			<ymax>146</ymax>
		</bndbox>
	</object>
	<object>
		<name>donut</name>
		<pose>Unspecified</pose>
		<truncated>0</truncated>
		<difficult>0</difficult>
		<bndbox>
			<xmin>703</xmin>
			<ymin>63</ymin>
			<xmax>768</xmax>
			<ymax>137</ymax>
		</bndbox>
	</object>
	<object>
		<name>donut</name>
		<pose>Unspecified</pose>
		<truncated>0</truncated>
		<difficult>0</difficult>
		<bndbox>
			<xmin>796</xmin>
			<ymin>65</ymin>
			<xmax>873</xmax>
			<ymax>144</ymax>
		</bndbox>
	</object>
	<object>
		<name>line_chart</name>
		<pose>Unspecified</pose>
		<truncated>0</truncated>
		<difficult>0</difficult>
		<bndbox>
			<xmin>261</xmin>
			<ymin>204</ymin>
			<xmax>376</xmax>
			<ymax>249</ymax>
		</bndbox>
	</object>
	<object>
		<name>bar_graph</name>
		<pose>Unspecified</pose>
		<truncated>0</truncated>
		<difficult>0</difficult>
		<bndbox>
			<xmin>487</xmin>
			<ymin>222</ymin>
			<xmax>652</xmax>
			<ymax>288</ymax>
		</bndbox>
	</object>
</annotation>
