<annotation>
	<folder>data</folder>
	<filename>new_data_408.jpg</filename>
	<path>D:\DashboardGraphExtract\data\new_data_408.jpg</path>
	<source>
		<database>Unknown</database>
	</source>
	<size>
		<width>1815</width>
		<height>686</height>
		<depth>3</depth>
	</size>
	<segmented>0</segmented>
	<object>
		<name>pie_chart</name>
		<pose>Unspecified</pose>
		<truncated>0</truncated>
		<difficult>0</difficult>
		<bndbox>
			<xmin>217</xmin>
			<ymin>25</ymin>
			<xmax>774</xmax>
			<ymax>585</ymax>
		</bndbox>
	</object>
	<object>
		<name>donut</name>
		<pose>Unspecified</pose>
		<truncated>0</truncated>
		<difficult>0</difficult>
		<bndbox>
			<xmin>1046</xmin>
			<ymin>29</ymin>
			<xmax>1594</xmax>
			<ymax>579</ymax>
		</bndbox>
	</object>
</annotation>
