<annotation>
	<folder>data</folder>
	<filename>new_data_231.jpg</filename>
	<path>D:\DashboardGraphExtract\data\new_data_231.jpg</path>
	<source>
		<database>Unknown</database>
	</source>
	<size>
		<width>485</width>
		<height>331</height>
		<depth>3</depth>
	</size>
	<segmented>0</segmented>
	<object>
		<name>donut</name>
		<pose>Unspecified</pose>
		<truncated>0</truncated>
		<difficult>0</difficult>
		<bndbox>
			<xmin>125</xmin>
			<ymin>69</ymin>
			<xmax>357</xmax>
			<ymax>294</ymax>
		</bndbox>
	</object>
</annotation>
