<annotation>
	<folder>data</folder>
	<filename>new_data_54.jpg</filename>
	<path>D:\DashboardGraphExtract\data\new_data_54.jpg</path>
	<source>
		<database>Unknown</database>
	</source>
	<size>
		<width>612</width>
		<height>331</height>
		<depth>3</depth>
	</size>
	<segmented>0</segmented>
	<object>
		<name>line_chart</name>
		<pose>Unspecified</pose>
		<truncated>1</truncated>
		<difficult>0</difficult>
		<bndbox>
			<xmin>27</xmin>
			<ymin>29</ymin>
			<xmax>612</xmax>
			<ymax>111</ymax>
		</bndbox>
	</object>
	<object>
		<name>bar_graph</name>
		<pose>Unspecified</pose>
		<truncated>0</truncated>
		<difficult>0</difficult>
		<bndbox>
			<xmin>27</xmin>
			<ymin>109</ymin>
			<xmax>610</xmax>
			<ymax>309</ymax>
		</bndbox>
	</object>
</annotation>
