<annotation>
	<folder>data</folder>
	<filename>new_data_118.jpg</filename>
	<path>D:\DashboardGraphExtract\data\new_data_118.jpg</path>
	<source>
		<database>Unknown</database>
	</source>
	<size>
		<width>3230</width>
		<height>3230</height>
		<depth>3</depth>
	</size>
	<segmented>0</segmented>
	<object>
		<name>line_chart</name>
		<pose>Unspecified</pose>
		<truncated>1</truncated>
		<difficult>0</difficult>
		<bndbox>
			<xmin>1</xmin>
			<ymin>266</ymin>
			<xmax>3220</xmax>
			<ymax>2018</ymax>
		</bndbox>
	</object>
</annotation>
