<annotation>
	<folder>data</folder>
	<filename>new_data_413.jpg</filename>
	<path>D:\DashboardGraphExtract\data\new_data_413.jpg</path>
	<source>
		<database>Unknown</database>
	</source>
	<size>
		<width>290</width>
		<height>300</height>
		<depth>3</depth>
	</size>
	<segmented>0</segmented>
	<object>
		<name>pie_chart</name>
		<pose>Unspecified</pose>
		<truncated>0</truncated>
		<difficult>0</difficult>
		<bndbox>
			<xmin>6</xmin>
			<ymin>21</ymin>
			<xmax>265</xmax>
			<ymax>277</ymax>
		</bndbox>
	</object>
</annotation>
