<annotation>
	<folder>data</folder>
	<filename>new_data_202.jpg</filename>
	<path>D:\DashboardGraphExtract\data\new_data_202.jpg</path>
	<source>
		<database>Unknown</database>
	</source>
	<size>
		<width>1084</width>
		<height>986</height>
		<depth>3</depth>
	</size>
	<segmented>0</segmented>
	<object>
		<name>area_chart</name>
		<pose>Unspecified</pose>
		<truncated>0</truncated>
		<difficult>0</difficult>
		<bndbox>
			<xmin>216</xmin>
			<ymin>100</ymin>
			<xmax>922</xmax>
			<ymax>819</ymax>
		</bndbox>
	</object>
</annotation>
