<annotation>
	<folder>data</folder>
	<filename>new_data_402.jpg</filename>
	<path>D:\DashboardGraphExtract\data\new_data_402.jpg</path>
	<source>
		<database>Unknown</database>
	</source>
	<size>
		<width>671</width>
		<height>361</height>
		<depth>3</depth>
	</size>
	<segmented>0</segmented>
	<object>
		<name>pie_chart</name>
		<pose>Unspecified</pose>
		<truncated>0</truncated>
		<difficult>0</difficult>
		<bndbox>
			<xmin>373</xmin>
			<ymin>137</ymin>
			<xmax>546</xmax>
			<ymax>310</ymax>
		</bndbox>
	</object>
</annotation>
