<annotation>
	<folder>data</folder>
	<filename>new_data_158.jpg</filename>
	<path>D:\DashboardGraphExtract\data\new_data_158.jpg</path>
	<source>
		<database>Unknown</database>
	</source>
	<size>
		<width>1359</width>
		<height>768</height>
		<depth>3</depth>
	</size>
	<segmented>0</segmented>
	<object>
		<name>area_chart</name>
		<pose>Unspecified</pose>
		<truncated>0</truncated>
		<difficult>0</difficult>
		<bndbox>
			<xmin>872</xmin>
			<ymin>184</ymin>
			<xmax>1301</xmax>
			<ymax>323</ymax>
		</bndbox>
	</object>
	<object>
		<name>line_chart</name>
		<pose>Unspecified</pose>
		<truncated>0</truncated>
		<difficult>0</difficult>
		<bndbox>
			<xmin>43</xmin>
			<ymin>206</ymin>
			<xmax>391</xmax>
			<ymax>323</ymax>
		</bndbox>
	</object>
	<object>
		<name>bar_graph</name>
		<pose>Unspecified</pose>
		<truncated>0</truncated>
		<difficult>0</difficult>
		<bndbox>
			<xmin>578</xmin>
			<ymin>203</ymin>
			<xmax>685</xmax>
			<ymax>322</ymax>
		</bndbox>
	</object>
	<object>
		<name>donut</name>
		<pose>Unspecified</pose>
		<truncated>0</truncated>
		<difficult>0</difficult>
		<bndbox>
			<xmin>114</xmin>
			<ymin>502</ymin>
			<xmax>335</xmax>
			<ymax>716</ymax>
		</bndbox>
	</object>
</annotation>
