<annotation>
	<folder>data</folder>
	<filename>new_data_98.jpg</filename>
	<path>D:\DashboardGraphExtract\data\new_data_98.jpg</path>
	<source>
		<database>Unknown</database>
	</source>
	<size>
		<width>783</width>
		<height>474</height>
		<depth>3</depth>
	</size>
	<segmented>0</segmented>
	<object>
		<name>bar_graph</name>
		<pose>Unspecified</pose>
		<truncated>0</truncated>
		<difficult>0</difficult>
		<bndbox>
			<xmin>490</xmin>
			<ymin>69</ymin>
			<xmax>729</xmax>
			<ymax>392</ymax>
		</bndbox>
	</object>
	<object>
		<name>bar_graph</name>
		<pose>Unspecified</pose>
		<truncated>0</truncated>
		<difficult>0</difficult>
		<bndbox>
			<xmin>81</xmin>
			<ymin>71</ymin>
			<xmax>314</xmax>
			<ymax>358</ymax>
		</bndbox>
	</object>
</annotation>
