<annotation>
	<folder>data</folder>
	<filename>new_data_14.jpg</filename>
	<path>D:\DashboardGraphExtract\data\new_data_14.jpg</path>
	<source>
		<database>Unknown</database>
	</source>
	<size>
		<width>589</width>
		<height>349</height>
		<depth>3</depth>
	</size>
	<segmented>0</segmented>
	<object>
		<name>bar_graph</name>
		<pose>Unspecified</pose>
		<truncated>0</truncated>
		<difficult>0</difficult>
		<bndbox>
			<xmin>100</xmin>
			<ymin>71</ymin>
			<xmax>538</xmax>
			<ymax>324</ymax>
		</bndbox>
	</object>
</annotation>
