<annotation>
	<folder>data</folder>
	<filename>new_data_397.jpg</filename>
	<path>D:\DashboardGraphExtract\data\new_data_397.jpg</path>
	<source>
		<database>Unknown</database>
	</source>
	<size>
		<width>424</width>
		<height>332</height>
		<depth>3</depth>
	</size>
	<segmented>0</segmented>
	<object>
		<name>pie_chart</name>
		<pose>Unspecified</pose>
		<truncated>0</truncated>
		<difficult>0</difficult>
		<bndbox>
			<xmin>40</xmin>
			<ymin>69</ymin>
			<xmax>275</xmax>
			<ymax>304</ymax>
		</bndbox>
	</object>
</annotation>
