<annotation>
	<folder>data</folder>
	<filename>new_data_315.jpg</filename>
	<path>D:\DashboardGraphExtract\data\new_data_315.jpg</path>
	<source>
		<database>Unknown</database>
	</source>
	<size>
		<width>301</width>
		<height>167</height>
		<depth>3</depth>
	</size>
	<segmented>0</segmented>
	<object>
		<name>line_chart</name>
		<pose>Unspecified</pose>
		<truncated>0</truncated>
		<difficult>0</difficult>
		<bndbox>
			<xmin>20</xmin>
			<ymin>16</ymin>
			<xmax>290</xmax>
			<ymax>145</ymax>
		</bndbox>
	</object>
</annotation>
