<annotation>
	<folder>data</folder>
	<filename>new_data_146.jpg</filename>
	<path>D:\DashboardGraphExtract\data\new_data_146.jpg</path>
	<source>
		<database>Unknown</database>
	</source>
	<size>
		<width>678</width>
		<height>381</height>
		<depth>3</depth>
	</size>
	<segmented>0</segmented>
	<object>
		<name>bar_graph</name>
		<pose>Unspecified</pose>
		<truncated>0</truncated>
		<difficult>0</difficult>
		<bndbox>
			<xmin>98</xmin>
			<ymin>63</ymin>
			<xmax>565</xmax>
			<ymax>365</ymax>
		</bndbox>
	</object>
</annotation>
