<annotation>
	<folder>data</folder>
	<filename>new_data_369.jpg</filename>
	<path>D:\DashboardGraphExtract\data\new_data_369.jpg</path>
	<source>
		<database>Unknown</database>
	</source>
	<size>
		<width>640</width>
		<height>752</height>
		<depth>3</depth>
	</size>
	<segmented>0</segmented>
	<object>
		<name>bar_graph</name>
		<pose>Unspecified</pose>
		<truncated>0</truncated>
		<difficult>0</difficult>
		<bndbox>
			<xmin>63</xmin>
			<ymin>258</ymin>
			<xmax>565</xmax>
			<ymax>572</ymax>
		</bndbox>
	</object>
</annotation>
