<annotation>
	<folder>data</folder>
	<filename>new_data_374.jpg</filename>
	<path>D:\DashboardGraphExtract\data\new_data_374.jpg</path>
	<source>
		<database>Unknown</database>
	</source>
	<size>
		<width>1771</width>
		<height>1288</height>
		<depth>3</depth>
	</size>
	<segmented>0</segmented>
	<object>
		<name>pie_chart</name>
		<pose>Unspecified</pose>
		<truncated>0</truncated>
		<difficult>0</difficult>
		<bndbox>
			<xmin>146</xmin>
			<ymin>120</ymin>
			<xmax>1229</xmax>
			<ymax>1199</ymax>
		</bndbox>
	</object>
</annotation>
