<annotation>
	<folder>data</folder>
	<filename>new_data_64.jpg</filename>
	<path>D:\DashboardGraphExtract\data\new_data_64.jpg</path>
	<source>
		<database>Unknown</database>
	</source>
	<size>
		<width>771</width>
		<height>610</height>
		<depth>3</depth>
	</size>
	<segmented>0</segmented>
	<object>
		<name>bar_graph</name>
		<pose>Unspecified</pose>
		<truncated>0</truncated>
		<difficult>0</difficult>
		<bndbox>
			<xmin>82</xmin>
			<ymin>36</ymin>
			<xmax>737</xmax>
			<ymax>594</ymax>
		</bndbox>
	</object>
</annotation>
