<annotation>
	<folder>data</folder>
	<filename>new_data_57.jpg</filename>
	<path>D:\DashboardGraphExtract\data\new_data_57.jpg</path>
	<source>
		<database>Unknown</database>
	</source>
	<size>
		<width>650</width>
		<height>359</height>
		<depth>3</depth>
	</size>
	<segmented>0</segmented>
	<object>
		<name>line_chart</name>
		<pose>Unspecified</pose>
		<truncated>0</truncated>
		<difficult>0</difficult>
		<bndbox>
			<xmin>78</xmin>
			<ymin>125</ymin>
			<xmax>387</xmax>
			<ymax>235</ymax>
		</bndbox>
	</object>
</annotation>
