<annotation>
	<folder>data</folder>
	<filename>new_data_156.jpg</filename>
	<path>D:\DashboardGraphExtract\data\new_data_156.jpg</path>
	<source>
		<database>Unknown</database>
	</source>
	<size>
		<width>1650</width>
		<height>1275</height>
		<depth>3</depth>
	</size>
	<segmented>0</segmented>
	<object>
		<name>pie_chart</name>
		<pose>Unspecified</pose>
		<truncated>0</truncated>
		<difficult>0</difficult>
		<bndbox>
			<xmin>466</xmin>
			<ymin>257</ymin>
			<xmax>1055</xmax>
			<ymax>854</ymax>
		</bndbox>
	</object>
</annotation>
