<annotation>
	<folder>data</folder>
	<filename>new_data_104.jpg</filename>
	<path>D:\DashboardGraphExtract\data\new_data_104.jpg</path>
	<source>
		<database>Unknown</database>
	</source>
	<size>
		<width>540</width>
		<height>225</height>
		<depth>3</depth>
	</size>
	<segmented>0</segmented>
	<object>
		<name>bar_graph</name>
		<pose>Unspecified</pose>
		<truncated>0</truncated>
		<difficult>0</difficult>
		<bndbox>
			<xmin>328</xmin>
			<ymin>43</ymin>
			<xmax>521</xmax>
			<ymax>181</ymax>
		</bndbox>
	</object>
	<object>
		<name>bar_graph</name>
		<pose>Unspecified</pose>
		<truncated>0</truncated>
		<difficult>0</difficult>
		<bndbox>
			<xmin>61</xmin>
			<ymin>35</ymin>
			<xmax>229</xmax>
			<ymax>177</ymax>
		</bndbox>
	</object>
</annotation>
