<annotation>
	<folder>data</folder>
	<filename>new_data_34.jpg</filename>
	<path>D:\DashboardGraphExtract\data\new_data_34.jpg</path>
	<source>
		<database>Unknown</database>
	</source>
	<size>
		<width>598</width>
		<height>530</height>
		<depth>3</depth>
	</size>
	<segmented>0</segmented>
	<object>
		<name>area_chart</name>
		<pose>Unspecified</pose>
		<truncated>0</truncated>
		<difficult>0</difficult>
		<bndbox>
			<xmin>96</xmin>
			<ymin>230</ymin>
			<xmax>486</xmax>
			<ymax>481</ymax>
		</bndbox>
	</object>
</annotation>
