<annotation>
	<folder>data</folder>
	<filename>new_data_101.jpg</filename>
	<path>D:\DashboardGraphExtract\data\new_data_101.jpg</path>
	<source>
		<database>Unknown</database>
	</source>
	<size>
		<width>561</width>
		<height>340</height>
		<depth>3</depth>
	</size>
	<segmented>0</segmented>
	<object>
		<name>area_chart</name>
		<pose>Unspecified</pose>
		<truncated>0</truncated>
		<difficult>0</difficult>
		<bndbox>
			<xmin>62</xmin>
			<ymin>36</ymin>
			<xmax>439</xmax>
			<ymax>295</ymax>
		</bndbox>
	</object>
</annotation>
