<annotation>
	<folder>data</folder>
	<filename>new_data_46.jpg</filename>
	<path>D:\DashboardGraphExtract\data\new_data_46.jpg</path>
	<source>
		<database>Unknown</database>
	</source>
	<size>
		<width>720</width>
		<height>716</height>
		<depth>3</depth>
	</size>
	<segmented>0</segmented>
	<object>
		<name>line_chart</name>
		<pose>Unspecified</pose>
		<truncated>0</truncated>
		<difficult>0</difficult>
		<bndbox>
			<xmin>31</xmin>
			<ymin>234</ymin>
			<xmax>616</xmax>
			<ymax>509</ymax>
		</bndbox>
	</object>
</annotation>
