<annotation>
	<folder>data</folder>
	<filename>new_data_232.jpg</filename>
	<path>D:\DashboardGraphExtract\data\new_data_232.jpg</path>
	<source>
		<database>Unknown</database>
	</source>
	<size>
		<width>360</width>
		<height>360</height>
		<depth>3</depth>
	</size>
	<segmented>0</segmented>
	<object>
		<name>donut</name>
		<pose>Unspecified</pose>
		<truncated>1</truncated>
		<difficult>0</difficult>
		<bndbox>
			<xmin>3</xmin>
			<ymin>1</ymin>
			<xmax>360</xmax>
			<ymax>360</ymax>
		</bndbox>
	</object>
</annotation>
