<annotation>
	<folder>data</folder>
	<filename>new_data_61.jpg</filename>
	<path>D:\DashboardGraphExtract\data\new_data_61.jpg</path>
	<source>
		<database>Unknown</database>
	</source>
	<size>
		<width>587</width>
		<height>470</height>
		<depth>3</depth>
	</size>
	<segmented>0</segmented>
	<object>
		<name>bar_graph</name>
		<pose>Unspecified</pose>
		<truncated>0</truncated>
		<difficult>0</difficult>
		<bndbox>
			<xmin>38</xmin>
			<ymin>69</ymin>
			<xmax>548</xmax>
			<ymax>452</ymax>
		</bndbox>
	</object>
</annotation>
