<annotation>
	<folder>data</folder>
	<filename>new_data_33.jpg</filename>
	<path>D:\DashboardGraphExtract\data\new_data_33.jpg</path>
	<source>
		<database>Unknown</database>
	</source>
	<size>
		<width>800</width>
		<height>600</height>
		<depth>3</depth>
	</size>
	<segmented>0</segmented>
	<object>
		<name>area_chart</name>
		<pose>Unspecified</pose>
		<truncated>0</truncated>
		<difficult>0</difficult>
		<bndbox>
			<xmin>85</xmin>
			<ymin>59</ymin>
			<xmax>581</xmax>
			<ymax>505</ymax>
		</bndbox>
	</object>
</annotation>
