<annotation>
	<folder>data</folder>
	<filename>new_data_40.jpg</filename>
	<path>D:\DashboardGraphExtract\data\new_data_40.jpg</path>
	<source>
		<database>Unknown</database>
	</source>
	<size>
		<width>610</width>
		<height>653</height>
		<depth>3</depth>
	</size>
	<segmented>0</segmented>
	<object>
		<name>pie_chart</name>
		<pose>Unspecified</pose>
		<truncated>0</truncated>
		<difficult>0</difficult>
		<bndbox>
			<xmin>152</xmin>
			<ymin>160</ymin>
			<xmax>454</xmax>
			<ymax>460</ymax>
		</bndbox>
	</object>
</annotation>
