<annotation>
	<folder>data</folder>
	<filename>new_data_335.jpg</filename>
	<path>D:\DashboardGraphExtract\data\new_data_335.jpg</path>
	<source>
		<database>Unknown</database>
	</source>
	<size>
		<width>625</width>
		<height>500</height>
		<depth>3</depth>
	</size>
	<segmented>0</segmented>
	<object>
		<name>line_chart</name>
		<pose>Unspecified</pose>
		<truncated>0</truncated>
		<difficult>0</difficult>
		<bndbox>
			<xmin>168</xmin>
			<ymin>188</ymin>
			<xmax>431</xmax>
			<ymax>361</ymax>
		</bndbox>
	</object>
</annotation>
