<annotation>
	<folder>data</folder>
	<filename>new_data_394.jpg</filename>
	<path>D:\DashboardGraphExtract\data\new_data_394.jpg</path>
	<source>
		<database>Unknown</database>
	</source>
	<size>
		<width>750</width>
		<height>359</height>
		<depth>3</depth>
	</size>
	<segmented>0</segmented>
	<object>
		<name>pie_chart</name>
		<pose>Unspecified</pose>
		<truncated>0</truncated>
		<difficult>0</difficult>
		<bndbox>
			<xmin>110</xmin>
			<ymin>44</ymin>
			<xmax>386</xmax>
			<ymax>319</ymax>
		</bndbox>
	</object>
</annotation>
