<annotation>
	<folder>data</folder>
	<filename>new_data_135.jpg</filename>
	<path>D:\DashboardGraphExtract\data\new_data_135.jpg</path>
	<source>
		<database>Unknown</database>
	</source>
	<size>
		<width>755</width>
		<height>466</height>
		<depth>3</depth>
	</size>
	<segmented>0</segmented>
	<object>
		<name>donut</name>
		<pose>Unspecified</pose>
		<truncated>0</truncated>
		<difficult>0</difficult>
		<bndbox>
			<xmin>487</xmin>
			<ymin>296</ymin>
			<xmax>621</xmax>
			<ymax>440</ymax>
		</bndbox>
	</object>
	<object>
		<name>pie_chart</name>
		<pose>Unspecified</pose>
		<truncated>0</truncated>
		<difficult>0</difficult>
		<bndbox>
			<xmin>608</xmin>
			<ymin>109</ymin>
			<xmax>704</xmax>
			<ymax>203</ymax>
		</bndbox>
	</object>
	<object>
		<name>pie_chart</name>
		<pose>Unspecified</pose>
		<truncated>0</truncated>
		<difficult>0</difficult>
		<bndbox>
			<xmin>409</xmin>
			<ymin>93</ymin>
			<xmax>538</xmax>
			<ymax>225</ymax>
		</bndbox>
	</object>
	<object>
		<name>pie_chart</name>
		<pose>Unspecified</pose>
		<truncated>0</truncated>
		<difficult>0</difficult>
		<bndbox>
			<xmin>49</xmin>
			<ymin>101</ymin>
			<xmax>302</xmax>
			<ymax>231</ymax>
		</bndbox>
	</object>
	<object>
		<name>pie_chart</name>
		<pose>Unspecified</pose>
		<truncated>0</truncated>
		<difficult>0</difficult>
		<bndbox>
			<xmin>70</xmin>
			<ymin>313</ymin>
			<xmax>176</xmax>
			<ymax>429</ymax>
		</bndbox>
	</object>
</annotation>
