<annotation>
	<folder>data</folder>
	<filename>new_data_84.jpg</filename>
	<path>D:\DashboardGraphExtract\data\new_data_84.jpg</path>
	<source>
		<database>Unknown</database>
	</source>
	<size>
		<width>475</width>
		<height>305</height>
		<depth>3</depth>
	</size>
	<segmented>0</segmented>
	<object>
		<name>pie_chart</name>
		<pose>Unspecified</pose>
		<truncated>0</truncated>
		<difficult>0</difficult>
		<bndbox>
			<xmin>268</xmin>
			<ymin>51</ymin>
			<xmax>452</xmax>
			<ymax>240</ymax>
		</bndbox>
	</object>
	<object>
		<name>pie_chart</name>
		<pose>Unspecified</pose>
		<truncated>0</truncated>
		<difficult>0</difficult>
		<bndbox>
			<xmin>24</xmin>
			<ymin>38</ymin>
			<xmax>240</xmax>
			<ymax>253</ymax>
		</bndbox>
	</object>
</annotation>
