<annotation>
	<folder>data</folder>
	<filename>new_data_243.jpg</filename>
	<path>D:\DashboardGraphExtract\data\new_data_243.jpg</path>
	<source>
		<database>Unknown</database>
	</source>
	<size>
		<width>582</width>
		<height>390</height>
		<depth>3</depth>
	</size>
	<segmented>0</segmented>
	<object>
		<name>donut</name>
		<pose>Unspecified</pose>
		<truncated>0</truncated>
		<difficult>0</difficult>
		<bndbox>
			<xmin>182</xmin>
			<ymin>83</ymin>
			<xmax>403</xmax>
			<ymax>310</ymax>
		</bndbox>
	</object>
</annotation>
