<annotation>
	<folder>data</folder>
	<filename>new_data_169.jpg</filename>
	<path>D:\DashboardGraphExtract\data\new_data_169.jpg</path>
	<source>
		<database>Unknown</database>
	</source>
	<size>
		<width>1920</width>
		<height>1080</height>
		<depth>3</depth>
	</size>
	<segmented>0</segmented>
	<object>
		<name>pie_chart</name>
		<pose>Unspecified</pose>
		<truncated>0</truncated>
		<difficult>0</difficult>
		<bndbox>
			<xmin>1324</xmin>
			<ymin>377</ymin>
			<xmax>1810</xmax>
			<ymax>860</ymax>
		</bndbox>
	</object>
</annotation>
