<annotation>
	<folder>data</folder>
	<filename>new_data_336.jpg</filename>
	<path>D:\DashboardGraphExtract\data\new_data_336.jpg</path>
	<source>
		<database>Unknown</database>
	</source>
	<size>
		<width>1270</width>
		<height>626</height>
		<depth>3</depth>
	</size>
	<segmented>0</segmented>
	<object>
		<name>line_chart</name>
		<pose>Unspecified</pose>
		<truncated>0</truncated>
		<difficult>0</difficult>
		<bndbox>
			<xmin>132</xmin>
			<ymin>293</ymin>
			<xmax>892</xmax>
			<ymax>536</ymax>
		</bndbox>
	</object>
</annotation>
