<annotation>
	<folder>data</folder>
	<filename>new_data_52.jpg</filename>
	<path>D:\DashboardGraphExtract\data\new_data_52.jpg</path>
	<source>
		<database>Unknown</database>
	</source>
	<size>
		<width>641</width>
		<height>481</height>
		<depth>3</depth>
	</size>
	<segmented>0</segmented>
	<object>
		<name>line_chart</name>
		<pose>Unspecified</pose>
		<truncated>0</truncated>
		<difficult>0</difficult>
		<bndbox>
			<xmin>79</xmin>
			<ymin>115</ymin>
			<xmax>550</xmax>
			<ymax>213</ymax>
		</bndbox>
	</object>
	<object>
		<name>line_chart</name>
		<pose>Unspecified</pose>
		<truncated>0</truncated>
		<difficult>0</difficult>
		<bndbox>
			<xmin>87</xmin>
			<ymin>243</ymin>
			<xmax>551</xmax>
			<ymax>372</ymax>
		</bndbox>
	</object>
</annotation>
