<annotation>
	<folder>data</folder>
	<filename>new_data_294.jpg</filename>
	<path>D:\DashboardGraphExtract\data\new_data_294.jpg</path>
	<source>
		<database>Unknown</database>
	</source>
	<size>
		<width>264</width>
		<height>191</height>
		<depth>3</depth>
	</size>
	<segmented>0</segmented>
	<object>
		<name>pie_chart</name>
		<pose>Unspecified</pose>
		<truncated>0</truncated>
		<difficult>0</difficult>
		<bndbox>
			<xmin>50</xmin>
			<ymin>29</ymin>
			<xmax>197</xmax>
			<ymax>175</ymax>
		</bndbox>
	</object>
</annotation>
