<annotation>
	<folder>data</folder>
	<filename>new_data_341.jpg</filename>
	<path>D:\DashboardGraphExtract\data\new_data_341.jpg</path>
	<source>
		<database>Unknown</database>
	</source>
	<size>
		<width>474</width>
		<height>439</height>
		<depth>3</depth>
	</size>
	<segmented>0</segmented>
	<object>
		<name>line_chart</name>
		<pose>Unspecified</pose>
		<truncated>0</truncated>
		<difficult>0</difficult>
		<bndbox>
			<xmin>104</xmin>
			<ymin>216</ymin>
			<xmax>429</xmax>
			<ymax>297</ymax>
		</bndbox>
	</object>
</annotation>
