<annotation>
	<folder>data</folder>
	<filename>new_data_166.jpg</filename>
	<path>D:\DashboardGraphExtract\data\new_data_166.jpg</path>
	<source>
		<database>Unknown</database>
	</source>
	<size>
		<width>482</width>
		<height>458</height>
		<depth>3</depth>
	</size>
	<segmented>0</segmented>
	<object>
		<name>pie_chart</name>
		<pose>Unspecified</pose>
		<truncated>0</truncated>
		<difficult>0</difficult>
		<bndbox>
			<xmin>86</xmin>
			<ymin>45</ymin>
			<xmax>437</xmax>
			<ymax>387</ymax>
		</bndbox>
	</object>
</annotation>
