<annotation>
	<folder>data</folder>
	<filename>new_data_87.jpg</filename>
	<path>D:\DashboardGraphExtract\data\new_data_87.jpg</path>
	<source>
		<database>Unknown</database>
	</source>
	<size>
		<width>432</width>
		<height>288</height>
		<depth>3</depth>
	</size>
	<segmented>0</segmented>
	<object>
		<name>area_chart</name>
		<pose>Unspecified</pose>
		<truncated>0</truncated>
		<difficult>0</difficult>
		<bndbox>
			<xmin>70</xmin>
			<ymin>43</ymin>
			<xmax>376</xmax>
			<ymax>241</ymax>
		</bndbox>
	</object>
</annotation>
