<annotation>
	<folder>data</folder>
	<filename>new_data_150.jpg</filename>
	<path>D:\DashboardGraphExtract\data\new_data_150.jpg</path>
	<source>
		<database>Unknown</database>
	</source>
	<size>
		<width>689</width>
		<height>689</height>
		<depth>3</depth>
	</size>
	<segmented>0</segmented>
	<object>
		<name>pie_chart</name>
		<pose>Unspecified</pose>
		<truncated>0</truncated>
		<difficult>0</difficult>
		<bndbox>
			<xmin>170</xmin>
			<ymin>140</ymin>
			<xmax>553</xmax>
			<ymax>537</ymax>
		</bndbox>
	</object>
</annotation>
