<annotation>
	<folder>data</folder>
	<filename>new_data_305.jpg</filename>
	<path>D:\DashboardGraphExtract\data\new_data_305.jpg</path>
	<source>
		<database>Unknown</database>
	</source>
	<size>
		<width>284</width>
		<height>178</height>
		<depth>3</depth>
	</size>
	<segmented>0</segmented>
	<object>
		<name>bar_graph</name>
		<pose>Unspecified</pose>
		<truncated>0</truncated>
		<difficult>0</difficult>
		<bndbox>
			<xmin>40</xmin>
			<ymin>70</ymin>
			<xmax>279</xmax>
			<ymax>155</ymax>
		</bndbox>
	</object>
</annotation>
