<annotation>
	<folder>data</folder>
	<filename>new_data_360.jpg</filename>
	<path>D:\DashboardGraphExtract\data\new_data_360.jpg</path>
	<source>
		<database>Unknown</database>
	</source>
	<size>
		<width>448</width>
		<height>252</height>
		<depth>3</depth>
	</size>
	<segmented>0</segmented>
	<object>
		<name>line_chart</name>
		<pose>Unspecified</pose>
		<truncated>0</truncated>
		<difficult>0</difficult>
		<bndbox>
			<xmin>68</xmin>
			<ymin>75</ymin>
			<xmax>325</xmax>
			<ymax>210</ymax>
		</bndbox>
	</object>
</annotation>
