<annotation>
	<folder>data</folder>
	<filename>new_data_175.jpg</filename>
	<path>D:\DashboardGraphExtract\data\new_data_175.jpg</path>
	<source>
		<database>Unknown</database>
	</source>
	<size>
		<width>999</width>
		<height>525</height>
		<depth>3</depth>
	</size>
	<segmented>0</segmented>
	<object>
		<name>area_chart</name>
		<pose>Unspecified</pose>
		<truncated>0</truncated>
		<difficult>0</difficult>
		<bndbox>
			<xmin>37</xmin>
			<ymin>7</ymin>
			<xmax>975</xmax>
			<ymax>483</ymax>
		</bndbox>
	</object>
</annotation>
