<annotation>
	<folder>data</folder>
	<filename>new_data_398.jpg</filename>
	<path>D:\DashboardGraphExtract\data\new_data_398.jpg</path>
	<source>
		<database>Unknown</database>
	</source>
	<size>
		<width>1130</width>
		<height>341</height>
		<depth>3</depth>
	</size>
	<segmented>0</segmented>
	<object>
		<name>pie_chart</name>
		<pose>Unspecified</pose>
		<truncated>0</truncated>
		<difficult>0</difficult>
		<bndbox>
			<xmin>41</xmin>
			<ymin>62</ymin>
			<xmax>292</xmax>
			<ymax>314</ymax>
		</bndbox>
	</object>
	<object>
		<name>donut</name>
		<pose>Unspecified</pose>
		<truncated>0</truncated>
		<difficult>0</difficult>
		<bndbox>
			<xmin>611</xmin>
			<ymin>60</ymin>
			<xmax>863</xmax>
			<ymax>317</ymax>
		</bndbox>
	</object>
</annotation>
