<annotation>
	<folder>data</folder>
	<filename>new_data_205.jpg</filename>
	<path>D:\DashboardGraphExtract\data\new_data_205.jpg</path>
	<source>
		<database>Unknown</database>
	</source>
	<size>
		<width>3870</width>
		<height>2190</height>
		<depth>3</depth>
	</size>
	<segmented>0</segmented>
	<object>
		<name>donut</name>
		<pose>Unspecified</pose>
		<truncated>0</truncated>
		<difficult>0</difficult>
		<bndbox>
			<xmin>312</xmin>
			<ymin>705</ymin>
			<xmax>773</xmax>
			<ymax>1189</ymax>
		</bndbox>
	</object>
	<object>
		<name>pie_chart</name>
		<pose>Unspecified</pose>
		<truncated>0</truncated>
		<difficult>0</difficult>
		<bndbox>
			<xmin>1360</xmin>
			<ymin>715</ymin>
			<xmax>1891</xmax>
			<ymax>1258</ymax>
		</bndbox>
	</object>
</annotation>
