<annotation>
	<folder>data</folder>
	<filename>new_data_112.jpg</filename>
	<path>D:\DashboardGraphExtract\data\new_data_112.jpg</path>
	<source>
		<database>Unknown</database>
	</source>
	<size>
		<width>960</width>
		<height>720</height>
		<depth>3</depth>
	</size>
	<segmented>0</segmented>
	<object>
		<name>bar_graph</name>
		<pose>Unspecified</pose>
		<truncated>0</truncated>
		<difficult>0</difficult>
		<bndbox>
			<xmin>139</xmin>
			<ymin>138</ymin>
			<xmax>818</xmax>
			<ymax>561</ymax>
		</bndbox>
	</object>
</annotation>
