<annotation>
	<folder>data</folder>
	<filename>new_data_159.jpg</filename>
	<path>D:\DashboardGraphExtract\data\new_data_159.jpg</path>
	<source>
		<database>Unknown</database>
	</source>
	<size>
		<width>600</width>
		<height>300</height>
		<depth>3</depth>
	</size>
	<segmented>0</segmented>
	<object>
		<name>bar_graph</name>
		<pose>Unspecified</pose>
		<truncated>0</truncated>
		<difficult>0</difficult>
		<bndbox>
			<xmin>181</xmin>
			<ymin>78</ymin>
			<xmax>456</xmax>
			<ymax>298</ymax>
		</bndbox>
	</object>
</annotation>
