<annotation>
	<folder>data</folder>
	<filename>new_data_22.jpg</filename>
	<path>D:\DashboardGraphExtract\data\new_data_22.jpg</path>
	<source>
		<database>Unknown</database>
	</source>
	<size>
		<width>2363</width>
		<height>1438</height>
		<depth>3</depth>
	</size>
	<segmented>0</segmented>
	<object>
		<name>pie_chart</name>
		<pose>Unspecified</pose>
		<truncated>0</truncated>
		<difficult>0</difficult>
		<bndbox>
			<xmin>1353</xmin>
			<ymin>209</ymin>
			<xmax>2116</xmax>
			<ymax>968</ymax>
		</bndbox>
	</object>
	<object>
		<name>pie_chart</name>
		<pose>Unspecified</pose>
		<truncated>0</truncated>
		<difficult>0</difficult>
		<bndbox>
			<xmin>243</xmin>
			<ymin>214</ymin>
			<xmax>1005</xmax>
			<ymax>961</ymax>
		</bndbox>
	</object>
</annotation>
