<annotation>
	<folder>data</folder>
	<filename>new_data_251.jpg</filename>
	<path>D:\DashboardGraphExtract\data\new_data_251.jpg</path>
	<source>
		<database>Unknown</database>
	</source>
	<size>
		<width>532</width>
		<height>532</height>
		<depth>3</depth>
	</size>
	<segmented>0</segmented>
	<object>
		<name>area_chart</name>
		<pose>Unspecified</pose>
		<truncated>0</truncated>
		<difficult>0</difficult>
		<bndbox>
			<xmin>81</xmin>
			<ymin>246</ymin>
			<xmax>486</xmax>
			<ymax>429</ymax>
		</bndbox>
	</object>
</annotation>
