<annotation>
	<folder>data</folder>
	<filename>new_data_134.jpg</filename>
	<path>D:\DashboardGraphExtract\data\new_data_134.jpg</path>
	<source>
		<database>Unknown</database>
	</source>
	<size>
		<width>755</width>
		<height>466</height>
		<depth>3</depth>
	</size>
	<segmented>0</segmented>
	<object>
		<name>pie_chart</name>
		<pose>Unspecified</pose>
		<truncated>0</truncated>
		<difficult>0</difficult>
		<bndbox>
			<xmin>50</xmin>
			<ymin>98</ymin>
			<xmax>304</xmax>
			<ymax>233</ymax>
		</bndbox>
	</object>
	<object>
		<name>pie_chart</name>
		<pose>Unspecified</pose>
		<truncated>0</truncated>
		<difficult>0</difficult>
		<bndbox>
			<xmin>66</xmin>
			<ymin>316</ymin>
			<xmax>169</xmax>
			<ymax>428</ymax>
		</bndbox>
	</object>
	<object>
		<name>pie_chart</name>
		<pose>Unspecified</pose>
		<truncated>0</truncated>
		<difficult>0</difficult>
		<bndbox>
			<xmin>601</xmin>
			<ymin>108</ymin>
			<xmax>700</xmax>
			<ymax>209</ymax>
		</bndbox>
	</object>
	<object>
		<name>pie_chart</name>
		<pose>Unspecified</pose>
		<truncated>0</truncated>
		<difficult>0</difficult>
		<bndbox>
			<xmin>408</xmin>
			<ymin>95</ymin>
			<xmax>531</xmax>
			<ymax>224</ymax>
		</bndbox>
	</object>
	<object>
		<name>donut</name>
		<pose>Unspecified</pose>
		<truncated>0</truncated>
		<difficult>0</difficult>
		<bndbox>
			<xmin>481</xmin>
			<ymin>297</ymin>
			<xmax>623</xmax>
			<ymax>439</ymax>
		</bndbox>
	</object>
</annotation>
