<annotation>
	<folder>data</folder>
	<filename>new_data_11.jpg</filename>
	<path>D:\DashboardGraphExtract\data\new_data_11.jpg</path>
	<source>
		<database>Unknown</database>
	</source>
	<size>
		<width>709</width>
		<height>582</height>
		<depth>3</depth>
	</size>
	<segmented>0</segmented>
	<object>
		<name>line_chart</name>
		<pose>Unspecified</pose>
		<truncated>0</truncated>
		<difficult>0</difficult>
		<bndbox>
			<xmin>181</xmin>
			<ymin>283</ymin>
			<xmax>516</xmax>
			<ymax>483</ymax>
		</bndbox>
	</object>
</annotation>
