<annotation>
	<folder>data</folder>
	<filename>new_data_289.jpg</filename>
	<path>D:\DashboardGraphExtract\data\new_data_289.jpg</path>
	<source>
		<database>Unknown</database>
	</source>
	<size>
		<width>419</width>
		<height>387</height>
		<depth>3</depth>
	</size>
	<segmented>0</segmented>
	<object>
		<name>donut</name>
		<pose>Unspecified</pose>
		<truncated>0</truncated>
		<difficult>0</difficult>
		<bndbox>
			<xmin>49</xmin>
			<ymin>44</ymin>
			<xmax>374</xmax>
			<ymax>366</ymax>
		</bndbox>
	</object>
</annotation>
