<annotation>
	<folder>data</folder>
	<filename>new_data_190.jpg</filename>
	<path>D:\DashboardGraphExtract\data\new_data_190.jpg</path>
	<source>
		<database>Unknown</database>
	</source>
	<size>
		<width>610</width>
		<height>349</height>
		<depth>3</depth>
	</size>
	<segmented>0</segmented>
	<object>
		<name>area_chart</name>
		<pose>Unspecified</pose>
		<truncated>0</truncated>
		<difficult>0</difficult>
		<bndbox>
			<xmin>29</xmin>
			<ymin>42</ymin>
			<xmax>593</xmax>
			<ymax>321</ymax>
		</bndbox>
	</object>
</annotation>
