<annotation>
	<folder>data</folder>
	<filename>new_data_197.jpg</filename>
	<path>D:\DashboardGraphExtract\data\new_data_197.jpg</path>
	<source>
		<database>Unknown</database>
	</source>
	<size>
		<width>657</width>
		<height>590</height>
		<depth>3</depth>
	</size>
	<segmented>0</segmented>
	<object>
		<name>area_chart</name>
		<pose>Unspecified</pose>
		<truncated>0</truncated>
		<difficult>0</difficult>
		<bndbox>
			<xmin>94</xmin>
			<ymin>202</ymin>
			<xmax>532</xmax>
			<ymax>484</ymax>
		</bndbox>
	</object>
</annotation>
