<annotation>
	<folder>data</folder>
	<filename>new_data_224.jpg</filename>
	<path>D:\DashboardGraphExtract\data\new_data_224.jpg</path>
	<source>
		<database>Unknown</database>
	</source>
	<size>
		<width>451</width>
		<height>370</height>
		<depth>3</depth>
	</size>
	<segmented>0</segmented>
	<object>
		<name>donut</name>
		<pose>Unspecified</pose>
		<truncated>0</truncated>
		<difficult>0</difficult>
		<bndbox>
			<xmin>66</xmin>
			<ymin>22</ymin>
			<xmax>384</xmax>
			<ymax>347</ymax>
		</bndbox>
	</object>
</annotation>
