<annotation>
	<folder>data</folder>
	<filename>new_data_321.jpg</filename>
	<path>D:\DashboardGraphExtract\data\new_data_321.jpg</path>
	<source>
		<database>Unknown</database>
	</source>
	<size>
		<width>277</width>
		<height>182</height>
		<depth>3</depth>
	</size>
	<segmented>0</segmented>
	<object>
		<name>line_chart</name>
		<pose>Unspecified</pose>
		<truncated>0</truncated>
		<difficult>0</difficult>
		<bndbox>
			<xmin>128</xmin>
			<ymin>35</ymin>
			<xmax>260</xmax>
			<ymax>103</ymax>
		</bndbox>
	</object>
</annotation>
