<annotation>
	<folder>data</folder>
	<filename>new_data_32.jpg</filename>
	<path>D:\DashboardGraphExtract\data\new_data_32.jpg</path>
	<source>
		<database>Unknown</database>
	</source>
	<size>
		<width>800</width>
		<height>235</height>
		<depth>3</depth>
	</size>
	<segmented>0</segmented>
	<object>
		<name>area_chart</name>
		<pose>Unspecified</pose>
		<truncated>0</truncated>
		<difficult>0</difficult>
		<bndbox>
			<xmin>76</xmin>
			<ymin>62</ymin>
			<xmax>671</xmax>
			<ymax>160</ymax>
		</bndbox>
	</object>
</annotation>
