<annotation>
	<folder>data</folder>
	<filename>new_data_187.jpg</filename>
	<path>D:\DashboardGraphExtract\data\new_data_187.jpg</path>
	<source>
		<database>Unknown</database>
	</source>
	<size>
		<width>629</width>
		<height>174</height>
		<depth>3</depth>
	</size>
	<segmented>0</segmented>
	<object>
		<name>area_chart</name>
		<pose>Unspecified</pose>
		<truncated>0</truncated>
		<difficult>0</difficult>
		<bndbox>
			<xmin>347</xmin>
			<ymin>66</ymin>
			<xmax>535</xmax>
			<ymax>143</ymax>
		</bndbox>
	</object>
	<object>
		<name>area_chart</name>
		<pose>Unspecified</pose>
		<truncated>0</truncated>
		<difficult>0</difficult>
		<bndbox>
			<xmin>33</xmin>
			<ymin>59</ymin>
			<xmax>216</xmax>
			<ymax>142</ymax>
		</bndbox>
	</object>
</annotation>
