<annotation>
	<folder>data</folder>
	<filename>new_data_399.jpg</filename>
	<path>D:\DashboardGraphExtract\data\new_data_399.jpg</path>
	<source>
		<database>Unknown</database>
	</source>
	<size>
		<width>395</width>
		<height>293</height>
		<depth>3</depth>
	</size>
	<segmented>0</segmented>
	<object>
		<name>pie_chart</name>
		<pose>Unspecified</pose>
		<truncated>0</truncated>
		<difficult>0</difficult>
		<bndbox>
			<xmin>27</xmin>
			<ymin>24</ymin>
			<xmax>283</xmax>
			<ymax>281</ymax>
		</bndbox>
	</object>
</annotation>
