<annotation>
	<folder>data</folder>
	<filename>new_data_401.jpg</filename>
	<path>D:\DashboardGraphExtract\data\new_data_401.jpg</path>
	<source>
		<database>Unknown</database>
	</source>
	<size>
		<width>301</width>
		<height>252</height>
		<depth>3</depth>
	</size>
	<segmented>0</segmented>
	<object>
		<name>pie_chart</name>
		<pose>Unspecified</pose>
		<truncated>0</truncated>
		<difficult>0</difficult>
		<bndbox>
			<xmin>42</xmin>
			<ymin>23</ymin>
			<xmax>253</xmax>
			<ymax>232</ymax>
		</bndbox>
	</object>
</annotation>
