<annotation>
	<folder>data</folder>
	<filename>new_data_5.jpg</filename>
	<path>D:\DashboardGraphExtract\data\new_data_5.jpg</path>
	<source>
		<database>Unknown</database>
	</source>
	<size>
		<width>750</width>
		<height>768</height>
		<depth>3</depth>
	</size>
	<segmented>0</segmented>
	<object>
		<name>line_chart</name>
		<pose>Unspecified</pose>
		<truncated>0</truncated>
		<difficult>0</difficult>
		<bndbox>
			<xmin>146</xmin>
			<ymin>88</ymin>
			<xmax>662</xmax>
			<ymax>518</ymax>
		</bndbox>
	</object>
</annotation>
