<annotation>
	<folder>data</folder>
	<filename>new_data_198.jpg</filename>
	<path>D:\DashboardGraphExtract\data\new_data_198.jpg</path>
	<source>
		<database>Unknown</database>
	</source>
	<size>
		<width>600</width>
		<height>423</height>
		<depth>3</depth>
	</size>
	<segmented>0</segmented>
	<object>
		<name>pie_chart</name>
		<pose>Unspecified</pose>
		<truncated>0</truncated>
		<difficult>0</difficult>
		<bndbox>
			<xmin>210</xmin>
			<ymin>17</ymin>
			<xmax>571</xmax>
			<ymax>381</ymax>
		</bndbox>
	</object>
</annotation>
