<annotation>
	<folder>data</folder>
	<filename>new_data_131.jpg</filename>
	<path>D:\DashboardGraphExtract\data\new_data_131.jpg</path>
	<source>
		<database>Unknown</database>
	</source>
	<size>
		<width>818</width>
		<height>492</height>
		<depth>3</depth>
	</size>
	<segmented>0</segmented>
	<object>
		<name>line_chart</name>
		<pose>Unspecified</pose>
		<truncated>0</truncated>
		<difficult>0</difficult>
		<bndbox>
			<xmin>429</xmin>
			<ymin>133</ymin>
			<xmax>816</xmax>
			<ymax>255</ymax>
		</bndbox>
	</object>
	<object>
		<name>line_chart</name>
		<pose>Unspecified</pose>
		<truncated>1</truncated>
		<difficult>0</difficult>
		<bndbox>
			<xmin>436</xmin>
			<ymin>311</ymin>
			<xmax>818</xmax>
			<ymax>442</ymax>
		</bndbox>
	</object>
	<object>
		<name>line_chart</name>
		<pose>Unspecified</pose>
		<truncated>0</truncated>
		<difficult>0</difficult>
		<bndbox>
			<xmin>89</xmin>
			<ymin>143</ymin>
			<xmax>362</xmax>
			<ymax>224</ymax>
		</bndbox>
	</object>
	<object>
		<name>line_chart</name>
		<pose>Unspecified</pose>
		<truncated>0</truncated>
		<difficult>0</difficult>
		<bndbox>
			<xmin>69</xmin>
			<ymin>335</ymin>
			<xmax>355</xmax>
			<ymax>412</ymax>
		</bndbox>
	</object>
</annotation>
