<annotation>
	<folder>data</folder>
	<filename>new_data_269.jpg</filename>
	<path>D:\DashboardGraphExtract\data\new_data_269.jpg</path>
	<source>
		<database>Unknown</database>
	</source>
	<size>
		<width>400</width>
		<height>351</height>
		<depth>3</depth>
	</size>
	<segmented>0</segmented>
	<object>
		<name>bar_graph</name>
		<pose>Unspecified</pose>
		<truncated>0</truncated>
		<difficult>0</difficult>
		<bndbox>
			<xmin>101</xmin>
			<ymin>51</ymin>
			<xmax>394</xmax>
			<ymax>346</ymax>
		</bndbox>
	</object>
</annotation>
