<annotation>
	<folder>data</folder>
	<filename>new_data_103.jpg</filename>
	<path>D:\DashboardGraphExtract\data\new_data_103.jpg</path>
	<source>
		<database>Unknown</database>
	</source>
	<size>
		<width>630</width>
		<height>538</height>
		<depth>3</depth>
	</size>
	<segmented>0</segmented>
	<object>
		<name>bar_graph</name>
		<pose>Unspecified</pose>
		<truncated>0</truncated>
		<difficult>0</difficult>
		<bndbox>
			<xmin>109</xmin>
			<ymin>143</ymin>
			<xmax>599</xmax>
			<ymax>533</ymax>
		</bndbox>
	</object>
</annotation>
