<annotation>
	<folder>data</folder>
	<filename>new_data_151.jpg</filename>
	<path>D:\DashboardGraphExtract\data\new_data_151.jpg</path>
	<source>
		<database>Unknown</database>
	</source>
	<size>
		<width>556</width>
		<height>516</height>
		<depth>3</depth>
	</size>
	<segmented>0</segmented>
	<object>
		<name>pie_chart</name>
		<pose>Unspecified</pose>
		<truncated>0</truncated>
		<difficult>0</difficult>
		<bndbox>
			<xmin>64</xmin>
			<ymin>55</ymin>
			<xmax>484</xmax>
			<ymax>489</ymax>
		</bndbox>
	</object>
</annotation>
