<annotation>
	<folder>data</folder>
	<filename>new_data_281.jpg</filename>
	<path>D:\DashboardGraphExtract\data\new_data_281.jpg</path>
	<source>
		<database>Unknown</database>
	</source>
	<size>
		<width>1178</width>
		<height>792</height>
		<depth>3</depth>
	</size>
	<segmented>0</segmented>
	<object>
		<name>pie_chart</name>
		<pose>Unspecified</pose>
		<truncated>0</truncated>
		<difficult>0</difficult>
		<bndbox>
			<xmin>104</xmin>
			<ymin>173</ymin>
			<xmax>688</xmax>
			<ymax>757</ymax>
		</bndbox>
	</object>
</annotation>
