<annotation>
	<folder>data</folder>
	<filename>new_data_85.jpg</filename>
	<path>D:\DashboardGraphExtract\data\new_data_85.jpg</path>
	<source>
		<database>Unknown</database>
	</source>
	<size>
		<width>973</width>
		<height>632</height>
		<depth>3</depth>
	</size>
	<segmented>0</segmented>
	<object>
		<name>area_chart</name>
		<pose>Unspecified</pose>
		<truncated>0</truncated>
		<difficult>0</difficult>
		<bndbox>
			<xmin>68</xmin>
			<ymin>199</ymin>
			<xmax>654</xmax>
			<ymax>533</ymax>
		</bndbox>
	</object>
</annotation>
