<annotation>
	<folder>data</folder>
	<filename>new_data_349.jpg</filename>
	<path>D:\DashboardGraphExtract\data\new_data_349.jpg</path>
	<source>
		<database>Unknown</database>
	</source>
	<size>
		<width>1925</width>
		<height>976</height>
		<depth>3</depth>
	</size>
	<segmented>0</segmented>
	<object>
		<name>bar_graph</name>
		<pose>Unspecified</pose>
		<truncated>0</truncated>
		<difficult>0</difficult>
		<bndbox>
			<xmin>1031</xmin>
			<ymin>199</ymin>
			<xmax>1753</xmax>
			<ymax>574</ymax>
		</bndbox>
	</object>
	<object>
		<name>bar_graph</name>
		<pose>Unspecified</pose>
		<truncated>0</truncated>
		<difficult>0</difficult>
		<bndbox>
			<xmin>236</xmin>
			<ymin>194</ymin>
			<xmax>919</xmax>
			<ymax>590</ymax>
		</bndbox>
	</object>
</annotation>
