<annotation>
	<folder>data</folder>
	<filename>new_data_356.jpg</filename>
	<path>D:\DashboardGraphExtract\data\new_data_356.jpg</path>
	<source>
		<database>Unknown</database>
	</source>
	<size>
		<width>600</width>
		<height>400</height>
		<depth>3</depth>
	</size>
	<segmented>0</segmented>
	<object>
		<name>line_chart</name>
		<pose>Unspecified</pose>
		<truncated>0</truncated>
		<difficult>0</difficult>
		<bndbox>
			<xmin>65</xmin>
			<ymin>103</ymin>
			<xmax>582</xmax>
			<ymax>334</ymax>
		</bndbox>
	</object>
</annotation>
