<annotation>
	<folder>data</folder>
	<filename>new_data_204.jpg</filename>
	<path>D:\DashboardGraphExtract\data\new_data_204.jpg</path>
	<source>
		<database>Unknown</database>
	</source>
	<size>
		<width>560</width>
		<height>420</height>
		<depth>3</depth>
	</size>
	<segmented>0</segmented>
	<object>
		<name>pie_chart</name>
		<pose>Unspecified</pose>
		<truncated>0</truncated>
		<difficult>0</difficult>
		<bndbox>
			<xmin>146</xmin>
			<ymin>59</ymin>
			<xmax>434</xmax>
			<ymax>349</ymax>
		</bndbox>
	</object>
</annotation>
