<annotation>
	<folder>data</folder>
	<filename>new_data_100.jpg</filename>
	<path>D:\DashboardGraphExtract\data\new_data_100.jpg</path>
	<source>
		<database>Unknown</database>
	</source>
	<size>
		<width>700</width>
		<height>450</height>
		<depth>3</depth>
	</size>
	<segmented>0</segmented>
	<object>
		<name>area_chart</name>
		<pose>Unspecified</pose>
		<truncated>0</truncated>
		<difficult>0</difficult>
		<bndbox>
			<xmin>83</xmin>
			<ymin>167</ymin>
			<xmax>527</xmax>
			<ymax>415</ymax>
		</bndbox>
	</object>
</annotation>
