<annotation>
	<folder>data</folder>
	<filename>new_data_76.jpg</filename>
	<path>D:\DashboardGraphExtract\data\new_data_76.jpg</path>
	<source>
		<database>Unknown</database>
	</source>
	<size>
		<width>1054</width>
		<height>538</height>
		<depth>3</depth>
	</size>
	<segmented>0</segmented>
	<object>
		<name>donut</name>
		<pose>Unspecified</pose>
		<truncated>0</truncated>
		<difficult>0</difficult>
		<bndbox>
			<xmin>7</xmin>
			<ymin>72</ymin>
			<xmax>463</xmax>
			<ymax>524</ymax>
		</bndbox>
	</object>
	<object>
		<name>donut</name>
		<pose>Unspecified</pose>
		<truncated>0</truncated>
		<difficult>0</difficult>
		<bndbox>
			<xmin>591</xmin>
			<ymin>67</ymin>
			<xmax>1053</xmax>
			<ymax>529</ymax>
		</bndbox>
	</object>
</annotation>
