<annotation>
	<folder>data</folder>
	<filename>new_data_152.jpg</filename>
	<path>D:\DashboardGraphExtract\data\new_data_152.jpg</path>
	<source>
		<database>Unknown</database>
	</source>
	<size>
		<width>630</width>
		<height>726</height>
		<depth>3</depth>
	</size>
	<segmented>0</segmented>
	<object>
		<name>pie_chart</name>
		<pose>Unspecified</pose>
		<truncated>0</truncated>
		<difficult>0</difficult>
		<bndbox>
			<xmin>169</xmin>
			<ymin>154</ymin>
			<xmax>466</xmax>
			<ymax>471</ymax>
		</bndbox>
	</object>
</annotation>
