<annotation>
	<folder>data</folder>
	<filename>new_data_133.jpg</filename>
	<path>D:\DashboardGraphExtract\data\new_data_133.jpg</path>
	<source>
		<database>Unknown</database>
	</source>
	<size>
		<width>850</width>
		<height>684</height>
		<depth>3</depth>
	</size>
	<segmented>0</segmented>
	<object>
		<name>line_chart</name>
		<pose>Unspecified</pose>
		<truncated>0</truncated>
		<difficult>0</difficult>
		<bndbox>
			<xmin>79</xmin>
			<ymin>95</ymin>
			<xmax>737</xmax>
			<ymax>460</ymax>
		</bndbox>
	</object>
</annotation>
