<annotation>
	<folder>data</folder>
	<filename>new_data_255.jpg</filename>
	<path>D:\DashboardGraphExtract\data\new_data_255.jpg</path>
	<source>
		<database>Unknown</database>
	</source>
	<size>
		<width>640</width>
		<height>619</height>
		<depth>3</depth>
	</size>
	<segmented>0</segmented>
	<object>
		<name>pie_chart</name>
		<pose>Unspecified</pose>
		<truncated>0</truncated>
		<difficult>0</difficult>
		<bndbox>
			<xmin>74</xmin>
			<ymin>73</ymin>
			<xmax>585</xmax>
			<ymax>587</ymax>
		</bndbox>
	</object>
</annotation>
