<annotation>
	<folder>data</folder>
	<filename>new_data_20.jpg</filename>
	<path>D:\DashboardGraphExtract\data\new_data_20.jpg</path>
	<source>
		<database>Unknown</database>
	</source>
	<size>
		<width>2363</width>
		<height>2485</height>
		<depth>3</depth>
	</size>
	<segmented>0</segmented>
	<object>
		<name>pie_chart</name>
		<pose>Unspecified</pose>
		<truncated>0</truncated>
		<difficult>0</difficult>
		<bndbox>
			<xmin>116</xmin>
			<ymin>608</ymin>
			<xmax>1308</xmax>
			<ymax>1824</ymax>
		</bndbox>
	</object>
</annotation>
