<annotation>
	<folder>data</folder>
	<filename>new_data_236.jpg</filename>
	<path>D:\DashboardGraphExtract\data\new_data_236.jpg</path>
	<source>
		<database>Unknown</database>
	</source>
	<size>
		<width>383</width>
		<height>314</height>
		<depth>3</depth>
	</size>
	<segmented>0</segmented>
	<object>
		<name>donut</name>
		<pose>Unspecified</pose>
		<truncated>0</truncated>
		<difficult>0</difficult>
		<bndbox>
			<xmin>26</xmin>
			<ymin>20</ymin>
			<xmax>267</xmax>
			<ymax>257</ymax>
		</bndbox>
	</object>
</annotation>
