<annotation>
	<folder>data</folder>
	<filename>new_data_420.jpg</filename>
	<path>D:\DashboardGraphExtract\data\new_data_420.jpg</path>
	<source>
		<database>Unknown</database>
	</source>
	<size>
		<width>1307</width>
		<height>821</height>
		<depth>3</depth>
	</size>
	<segmented>0</segmented>
	<object>
		<name>line_chart</name>
		<pose>Unspecified</pose>
		<truncated>0</truncated>
		<difficult>0</difficult>
		<bndbox>
			<xmin>225</xmin>
			<ymin>131</ymin>
			<xmax>1249</xmax>
			<ymax>263</ymax>
		</bndbox>
	</object>
	<object>
		<name>line_chart</name>
		<pose>Unspecified</pose>
		<truncated>0</truncated>
		<difficult>0</difficult>
		<bndbox>
			<xmin>245</xmin>
			<ymin>290</ymin>
			<xmax>1236</xmax>
			<ymax>553</ymax>
		</bndbox>
	</object>
</annotation>
