<annotation>
	<folder>data</folder>
	<filename>new_data_346.jpg</filename>
	<path>D:\DashboardGraphExtract\data\new_data_346.jpg</path>
	<source>
		<database>Unknown</database>
	</source>
	<size>
		<width>630</width>
		<height>563</height>
		<depth>3</depth>
	</size>
	<segmented>0</segmented>
	<object>
		<name>line_chart</name>
		<pose>Unspecified</pose>
		<truncated>0</truncated>
		<difficult>0</difficult>
		<bndbox>
			<xmin>136</xmin>
			<ymin>31</ymin>
			<xmax>595</xmax>
			<ymax>443</ymax>
		</bndbox>
	</object>
</annotation>
