<annotation>
	<folder>data</folder>
	<filename>new_data_230.jpg</filename>
	<path>D:\DashboardGraphExtract\data\new_data_230.jpg</path>
	<source>
		<database>Unknown</database>
	</source>
	<size>
		<width>768</width>
		<height>768</height>
		<depth>3</depth>
	</size>
	<segmented>0</segmented>
	<object>
		<name>donut</name>
		<pose>Unspecified</pose>
		<truncated>0</truncated>
		<difficult>0</difficult>
		<bndbox>
			<xmin>114</xmin>
			<ymin>137</ymin>
			<xmax>650</xmax>
			<ymax>683</ymax>
		</bndbox>
	</object>
</annotation>
