<annotation>
	<folder>data</folder>
	<filename>new_data_358.jpg</filename>
	<path>D:\DashboardGraphExtract\data\new_data_358.jpg</path>
	<source>
		<database>Unknown</database>
	</source>
	<size>
		<width>1609</width>
		<height>845</height>
		<depth>3</depth>
	</size>
	<segmented>0</segmented>
	<object>
		<name>line_chart</name>
		<pose>Unspecified</pose>
		<truncated>0</truncated>
		<difficult>0</difficult>
		<bndbox>
			<xmin>252</xmin>
			<ymin>271</ymin>
			<xmax>1436</xmax>
			<ymax>732</ymax>
		</bndbox>
	</object>
</annotation>
