<annotation>
	<folder>data</folder>
	<filename>new_data_157.jpg</filename>
	<path>D:\DashboardGraphExtract\data\new_data_157.jpg</path>
	<source>
		<database>Unknown</database>
	</source>
	<size>
		<width>540</width>
		<height>620</height>
		<depth>3</depth>
	</size>
	<segmented>0</segmented>
	<object>
		<name>pie_chart</name>
		<pose>Unspecified</pose>
		<truncated>0</truncated>
		<difficult>0</difficult>
		<bndbox>
			<xmin>24</xmin>
			<ymin>55</ymin>
			<xmax>253</xmax>
			<ymax>296</ymax>
		</bndbox>
	</object>
	<object>
		<name>pie_chart</name>
		<pose>Unspecified</pose>
		<truncated>0</truncated>
		<difficult>0</difficult>
		<bndbox>
			<xmin>22</xmin>
			<ymin>361</ymin>
			<xmax>259</xmax>
			<ymax>606</ymax>
		</bndbox>
	</object>
</annotation>
