<annotation>
	<folder>data</folder>
	<filename>new_data_208.jpg</filename>
	<path>D:\DashboardGraphExtract\data\new_data_208.jpg</path>
	<source>
		<database>Unknown</database>
	</source>
	<size>
		<width>1846</width>
		<height>1020</height>
		<depth>3</depth>
	</size>
	<segmented>0</segmented>
	<object>
		<name>pie_chart</name>
		<pose>Unspecified</pose>
		<truncated>0</truncated>
		<difficult>0</difficult>
		<bndbox>
			<xmin>540</xmin>
			<ymin>130</ymin>
			<xmax>1308</xmax>
			<ymax>891</ymax>
		</bndbox>
	</object>
</annotation>
