<annotation>
	<folder>data</folder>
	<filename>new_data_361.jpg</filename>
	<path>D:\DashboardGraphExtract\data\new_data_361.jpg</path>
	<source>
		<database>Unknown</database>
	</source>
	<size>
		<width>794</width>
		<height>456</height>
		<depth>3</depth>
	</size>
	<segmented>0</segmented>
	<object>
		<name>donut</name>
		<pose>Unspecified</pose>
		<truncated>0</truncated>
		<difficult>0</difficult>
		<bndbox>
			<xmin>333</xmin>
			<ymin>307</ymin>
			<xmax>466</xmax>
			<ymax>433</ymax>
		</bndbox>
	</object>
	<object>
		<name>line_chart</name>
		<pose>Unspecified</pose>
		<truncated>0</truncated>
		<difficult>0</difficult>
		<bndbox>
			<xmin>28</xmin>
			<ymin>126</ymin>
			<xmax>246</xmax>
			<ymax>199</ymax>
		</bndbox>
	</object>
	<object>
		<name>bar_graph</name>
		<pose>Unspecified</pose>
		<truncated>0</truncated>
		<difficult>0</difficult>
		<bndbox>
			<xmin>37</xmin>
			<ymin>321</ymin>
			<xmax>158</xmax>
			<ymax>421</ymax>
		</bndbox>
	</object>
</annotation>
