<annotation>
	<folder>data</folder>
	<filename>new_data_286.jpg</filename>
	<path>D:\DashboardGraphExtract\data\new_data_286.jpg</path>
	<source>
		<database>Unknown</database>
	</source>
	<size>
		<width>1018</width>
		<height>604</height>
		<depth>3</depth>
	</size>
	<segmented>0</segmented>
	<object>
		<name>pie_chart</name>
		<pose>Unspecified</pose>
		<truncated>0</truncated>
		<difficult>0</difficult>
		<bndbox>
			<xmin>263</xmin>
			<ymin>111</ymin>
			<xmax>726</xmax>
			<ymax>572</ymax>
		</bndbox>
	</object>
</annotation>
