<annotation>
	<folder>data</folder>
	<filename>new_data_297.jpg</filename>
	<path>D:\DashboardGraphExtract\data\new_data_297.jpg</path>
	<source>
		<database>Unknown</database>
	</source>
	<size>
		<width>225</width>
		<height>225</height>
		<depth>3</depth>
	</size>
	<segmented>0</segmented>
	<object>
		<name>donut</name>
		<pose>Unspecified</pose>
		<truncated>0</truncated>
		<difficult>0</difficult>
		<bndbox>
			<xmin>44</xmin>
			<ymin>51</ymin>
			<xmax>181</xmax>
			<ymax>188</ymax>
		</bndbox>
	</object>
</annotation>
