<annotation>
	<folder>data</folder>
	<filename>new_data_268.jpg</filename>
	<path>D:\DashboardGraphExtract\data\new_data_268.jpg</path>
	<source>
		<database>Unknown</database>
	</source>
	<size>
		<width>618</width>
		<height>362</height>
		<depth>3</depth>
	</size>
	<segmented>0</segmented>
	<object>
		<name>line_chart</name>
		<pose>Unspecified</pose>
		<truncated>0</truncated>
		<difficult>0</difficult>
		<bndbox>
			<xmin>88</xmin>
			<ymin>71</ymin>
			<xmax>480</xmax>
			<ymax>212</ymax>
		</bndbox>
	</object>
</annotation>
