<annotation>
	<folder>data</folder>
	<filename>new_data_385.jpg</filename>
	<path>D:\DashboardGraphExtract\data\new_data_385.jpg</path>
	<source>
		<database>Unknown</database>
	</source>
	<size>
		<width>850</width>
		<height>362</height>
		<depth>3</depth>
	</size>
	<segmented>0</segmented>
	<object>
		<name>donut</name>
		<pose>Unspecified</pose>
		<truncated>0</truncated>
		<difficult>0</difficult>
		<bndbox>
			<xmin>484</xmin>
			<ymin>2</ymin>
			<xmax>787</xmax>
			<ymax>303</ymax>
		</bndbox>
	</object>
	<object>
		<name>pie_chart</name>
		<pose>Unspecified</pose>
		<truncated>0</truncated>
		<difficult>0</difficult>
		<bndbox>
			<xmin>61</xmin>
			<ymin>2</ymin>
			<xmax>365</xmax>
			<ymax>303</ymax>
		</bndbox>
	</object>
</annotation>
