<annotation>
	<folder>data</folder>
	<filename>new_data_410.jpg</filename>
	<path>D:\DashboardGraphExtract\data\new_data_410.jpg</path>
	<source>
		<database>Unknown</database>
	</source>
	<size>
		<width>441</width>
		<height>403</height>
		<depth>3</depth>
	</size>
	<segmented>0</segmented>
	<object>
		<name>pie_chart</name>
		<pose>Unspecified</pose>
		<truncated>0</truncated>
		<difficult>0</difficult>
		<bndbox>
			<xmin>96</xmin>
			<ymin>66</ymin>
			<xmax>354</xmax>
			<ymax>330</ymax>
		</bndbox>
	</object>
</annotation>
