<annotation>
	<folder>data</folder>
	<filename>new_data_207.jpg</filename>
	<path>D:\DashboardGraphExtract\data\new_data_207.jpg</path>
	<source>
		<database>Unknown</database>
	</source>
	<size>
		<width>1852</width>
		<height>1016</height>
		<depth>3</depth>
	</size>
	<segmented>0</segmented>
	<object>
		<name>area_chart</name>
		<pose>Unspecified</pose>
		<truncated>0</truncated>
		<difficult>0</difficult>
		<bndbox>
			<xmin>152</xmin>
			<ymin>37</ymin>
			<xmax>1788</xmax>
			<ymax>813</ymax>
		</bndbox>
	</object>
</annotation>
