<annotation>
	<folder>data</folder>
	<filename>new_data_240.jpg</filename>
	<path>D:\DashboardGraphExtract\data\new_data_240.jpg</path>
	<source>
		<database>Unknown</database>
	</source>
	<size>
		<width>661</width>
		<height>465</height>
		<depth>3</depth>
	</size>
	<segmented>0</segmented>
	<object>
		<name>donut</name>
		<pose>Unspecified</pose>
		<truncated>0</truncated>
		<difficult>0</difficult>
		<bndbox>
			<xmin>204</xmin>
			<ymin>93</ymin>
			<xmax>447</xmax>
			<ymax>342</ymax>
		</bndbox>
	</object>
</annotation>
