<annotation>
	<folder>data</folder>
	<filename>new_data_362.jpg</filename>
	<path>D:\DashboardGraphExtract\data\new_data_362.jpg</path>
	<source>
		<database>Unknown</database>
	</source>
	<size>
		<width>1223</width>
		<height>789</height>
		<depth>3</depth>
	</size>
	<segmented>0</segmented>
	<object>
		<name>donut</name>
		<pose>Unspecified</pose>
		<truncated>0</truncated>
		<difficult>0</difficult>
		<bndbox>
			<xmin>824</xmin>
			<ymin>243</ymin>
			<xmax>1168</xmax>
			<ymax>591</ymax>
		</bndbox>
	</object>
	<object>
		<name>donut</name>
		<pose>Unspecified</pose>
		<truncated>0</truncated>
		<difficult>0</difficult>
		<bndbox>
			<xmin>447</xmin>
			<ymin>243</ymin>
			<xmax>795</xmax>
			<ymax>597</ymax>
		</bndbox>
	</object>
	<object>
		<name>donut</name>
		<pose>Unspecified</pose>
		<truncated>0</truncated>
		<difficult>0</difficult>
		<bndbox>
			<xmin>71</xmin>
			<ymin>241</ymin>
			<xmax>424</xmax>
			<ymax>588</ymax>
		</bndbox>
	</object>
</annotation>
