<annotation>
	<folder>data</folder>
	<filename>new_data_62.jpg</filename>
	<path>D:\DashboardGraphExtract\data\new_data_62.jpg</path>
	<source>
		<database>Unknown</database>
	</source>
	<size>
		<width>571</width>
		<height>821</height>
		<depth>3</depth>
	</size>
	<segmented>0</segmented>
	<object>
		<name>bar_graph</name>
		<pose>Unspecified</pose>
		<truncated>0</truncated>
		<difficult>0</difficult>
		<bndbox>
			<xmin>105</xmin>
			<ymin>141</ymin>
			<xmax>480</xmax>
			<ymax>701</ymax>
		</bndbox>
	</object>
</annotation>
