<annotation>
	<folder>data</folder>
	<filename>new_data_56.jpg</filename>
	<path>D:\DashboardGraphExtract\data\new_data_56.jpg</path>
	<source>
		<database>Unknown</database>
	</source>
	<size>
		<width>768</width>
		<height>893</height>
		<depth>3</depth>
	</size>
	<segmented>0</segmented>
	<object>
		<name>line_chart</name>
		<pose>Unspecified</pose>
		<truncated>0</truncated>
		<difficult>0</difficult>
		<bndbox>
			<xmin>109</xmin>
			<ymin>91</ymin>
			<xmax>667</xmax>
			<ymax>197</ymax>
		</bndbox>
	</object>
	<object>
		<name>line_chart</name>
		<pose>Unspecified</pose>
		<truncated>0</truncated>
		<difficult>0</difficult>
		<bndbox>
			<xmin>108</xmin>
			<ymin>206</ymin>
			<xmax>715</xmax>
			<ymax>345</ymax>
		</bndbox>
	</object>
	<object>
		<name>line_chart</name>
		<pose>Unspecified</pose>
		<truncated>0</truncated>
		<difficult>0</difficult>
		<bndbox>
			<xmin>124</xmin>
			<ymin>550</ymin>
			<xmax>713</xmax>
			<ymax>810</ymax>
		</bndbox>
	</object>
</annotation>
