<annotation>
	<folder>data</folder>
	<filename>new_data_376.jpg</filename>
	<path>D:\DashboardGraphExtract\data\new_data_376.jpg</path>
	<source>
		<database>Unknown</database>
	</source>
	<size>
		<width>730</width>
		<height>320</height>
		<depth>3</depth>
	</size>
	<segmented>0</segmented>
	<object>
		<name>pie_chart</name>
		<pose>Unspecified</pose>
		<truncated>0</truncated>
		<difficult>0</difficult>
		<bndbox>
			<xmin>18</xmin>
			<ymin>51</ymin>
			<xmax>232</xmax>
			<ymax>265</ymax>
		</bndbox>
	</object>
	<object>
		<name>pie_chart</name>
		<pose>Unspecified</pose>
		<truncated>0</truncated>
		<difficult>0</difficult>
		<bndbox>
			<xmin>257</xmin>
			<ymin>52</ymin>
			<xmax>473</xmax>
			<ymax>268</ymax>
		</bndbox>
	</object>
	<object>
		<name>pie_chart</name>
		<pose>Unspecified</pose>
		<truncated>0</truncated>
		<difficult>0</difficult>
		<bndbox>
			<xmin>498</xmin>
			<ymin>54</ymin>
			<xmax>712</xmax>
			<ymax>264</ymax>
		</bndbox>
	</object>
</annotation>
