<annotation>
	<folder>data</folder>
	<filename>new_data_279.jpg</filename>
	<path>D:\DashboardGraphExtract\data\new_data_279.jpg</path>
	<source>
		<database>Unknown</database>
	</source>
	<size>
		<width>2048</width>
		<height>1130</height>
		<depth>3</depth>
	</size>
	<segmented>0</segmented>
	<object>
		<name>bar_graph</name>
		<pose>Unspecified</pose>
		<truncated>0</truncated>
		<difficult>0</difficult>
		<bndbox>
			<xmin>865</xmin>
			<ymin>393</ymin>
			<xmax>1926</xmax>
			<ymax>855</ymax>
		</bndbox>
	</object>
</annotation>
