<annotation>
	<folder>data</folder>
	<filename>new_data_81.jpg</filename>
	<path>D:\DashboardGraphExtract\data\new_data_81.jpg</path>
	<source>
		<database>Unknown</database>
	</source>
	<size>
		<width>1200</width>
		<height>800</height>
		<depth>3</depth>
	</size>
	<segmented>0</segmented>
	<object>
		<name>area_chart</name>
		<pose>Unspecified</pose>
		<truncated>0</truncated>
		<difficult>0</difficult>
		<bndbox>
			<xmin>33</xmin>
			<ymin>28</ymin>
			<xmax>1172</xmax>
			<ymax>740</ymax>
		</bndbox>
	</object>
</annotation>
