<annotation>
	<folder>data</folder>
	<filename>new_data_138.jpg</filename>
	<path>D:\DashboardGraphExtract\data\new_data_138.jpg</path>
	<source>
		<database>Unknown</database>
	</source>
	<size>
		<width>1280</width>
		<height>720</height>
		<depth>3</depth>
	</size>
	<segmented>0</segmented>
	<object>
		<name>area_chart</name>
		<pose>Unspecified</pose>
		<truncated>0</truncated>
		<difficult>0</difficult>
		<bndbox>
			<xmin>416</xmin>
			<ymin>185</ymin>
			<xmax>1124</xmax>
			<ymax>632</ymax>
		</bndbox>
	</object>
</annotation>
