<annotation>
	<folder>data</folder>
	<filename>new_data_106.jpg</filename>
	<path>D:\DashboardGraphExtract\data\new_data_106.jpg</path>
	<source>
		<database>Unknown</database>
	</source>
	<size>
		<width>770</width>
		<height>386</height>
		<depth>3</depth>
	</size>
	<segmented>0</segmented>
	<object>
		<name>donut</name>
		<pose>Unspecified</pose>
		<truncated>0</truncated>
		<difficult>0</difficult>
		<bndbox>
			<xmin>449</xmin>
			<ymin>66</ymin>
			<xmax>706</xmax>
			<ymax>324</ymax>
		</bndbox>
	</object>
	<object>
		<name>pie_chart</name>
		<pose>Unspecified</pose>
		<truncated>0</truncated>
		<difficult>0</difficult>
		<bndbox>
			<xmin>62</xmin>
			<ymin>61</ymin>
			<xmax>315</xmax>
			<ymax>315</ymax>
		</bndbox>
	</object>
</annotation>
