<annotation>
	<folder>data</folder>
	<filename>new_data_165.jpg</filename>
	<path>D:\DashboardGraphExtract\data\new_data_165.jpg</path>
	<source>
		<database>Unknown</database>
	</source>
	<size>
		<width>715</width>
		<height>402</height>
		<depth>3</depth>
	</size>
	<segmented>0</segmented>
	<object>
		<name>area_chart</name>
		<pose>Unspecified</pose>
		<truncated>0</truncated>
		<difficult>0</difficult>
		<bndbox>
			<xmin>157</xmin>
			<ymin>148</ymin>
			<xmax>603</xmax>
			<ymax>334</ymax>
		</bndbox>
	</object>
</annotation>
