<annotation>
	<folder>data</folder>
	<filename>new_data_117.jpg</filename>
	<path>D:\DashboardGraphExtract\data\new_data_117.jpg</path>
	<source>
		<database>Unknown</database>
	</source>
	<size>
		<width>850</width>
		<height>605</height>
		<depth>3</depth>
	</size>
	<segmented>0</segmented>
	<object>
		<name>donut</name>
		<pose>Unspecified</pose>
		<truncated>0</truncated>
		<difficult>0</difficult>
		<bndbox>
			<xmin>487</xmin>
			<ymin>66</ymin>
			<xmax>801</xmax>
			<ymax>381</ymax>
		</bndbox>
	</object>
	<object>
		<name>donut</name>
		<pose>Unspecified</pose>
		<truncated>0</truncated>
		<difficult>0</difficult>
		<bndbox>
			<xmin>55</xmin>
			<ymin>69</ymin>
			<xmax>371</xmax>
			<ymax>381</ymax>
		</bndbox>
	</object>
</annotation>
