<annotation>
	<folder>data</folder>
	<filename>new_data_416.jpg</filename>
	<path>D:\DashboardGraphExtract\data\new_data_416.jpg</path>
	<source>
		<database>Unknown</database>
	</source>
	<size>
		<width>325</width>
		<height>324</height>
		<depth>3</depth>
	</size>
	<segmented>0</segmented>
	<object>
		<name>pie_chart</name>
		<pose>Unspecified</pose>
		<truncated>0</truncated>
		<difficult>0</difficult>
		<bndbox>
			<xmin>4</xmin>
			<ymin>6</ymin>
			<xmax>322</xmax>
			<ymax>318</ymax>
		</bndbox>
	</object>
</annotation>
