<annotation>
	<folder>data</folder>
	<filename>new_data_143.jpg</filename>
	<path>D:\DashboardGraphExtract\data\new_data_143.jpg</path>
	<source>
		<database>Unknown</database>
	</source>
	<size>
		<width>1280</width>
		<height>720</height>
		<depth>3</depth>
	</size>
	<segmented>0</segmented>
	<object>
		<name>pie_chart</name>
		<pose>Unspecified</pose>
		<truncated>0</truncated>
		<difficult>0</difficult>
		<bndbox>
			<xmin>673</xmin>
			<ymin>107</ymin>
			<xmax>1236</xmax>
			<ymax>677</ymax>
		</bndbox>
	</object>
</annotation>
