<annotation>
	<folder>data</folder>
	<filename>new_data_254.jpg</filename>
	<path>D:\DashboardGraphExtract\data\new_data_254.jpg</path>
	<source>
		<database>Unknown</database>
	</source>
	<size>
		<width>2030</width>
		<height>1096</height>
		<depth>3</depth>
	</size>
	<segmented>0</segmented>
	<object>
		<name>bar_graph</name>
		<pose>Unspecified</pose>
		<truncated>0</truncated>
		<difficult>0</difficult>
		<bndbox>
			<xmin>249</xmin>
			<ymin>350</ymin>
			<xmax>1802</xmax>
			<ymax>949</ymax>
		</bndbox>
	</object>
</annotation>
