<annotation>
	<folder>data</folder>
	<filename>new_data_88.jpg</filename>
	<path>D:\DashboardGraphExtract\data\new_data_88.jpg</path>
	<source>
		<database>Unknown</database>
	</source>
	<size>
		<width>1000</width>
		<height>800</height>
		<depth>3</depth>
	</size>
	<segmented>0</segmented>
	<object>
		<name>pie_chart</name>
		<pose>Unspecified</pose>
		<truncated>0</truncated>
		<difficult>0</difficult>
		<bndbox>
			<xmin>178</xmin>
			<ymin>108</ymin>
			<xmax>821</xmax>
			<ymax>741</ymax>
		</bndbox>
	</object>
</annotation>
