<annotation>
	<folder>data</folder>
	<filename>new_data_320.jpg</filename>
	<path>D:\DashboardGraphExtract\data\new_data_320.jpg</path>
	<source>
		<database>Unknown</database>
	</source>
	<size>
		<width>345</width>
		<height>146</height>
		<depth>3</depth>
	</size>
	<segmented>0</segmented>
	<object>
		<name>line_chart</name>
		<pose>Unspecified</pose>
		<truncated>0</truncated>
		<difficult>0</difficult>
		<bndbox>
			<xmin>19</xmin>
			<ymin>14</ymin>
			<xmax>335</xmax>
			<ymax>87</ymax>
		</bndbox>
	</object>
</annotation>
