<annotation>
	<folder>data</folder>
	<filename>new_data_51.jpg</filename>
	<path>D:\DashboardGraphExtract\data\new_data_51.jpg</path>
	<source>
		<database>Unknown</database>
	</source>
	<size>
		<width>1344</width>
		<height>960</height>
		<depth>3</depth>
	</size>
	<segmented>0</segmented>
	<object>
		<name>pie_chart</name>
		<pose>Unspecified</pose>
		<truncated>0</truncated>
		<difficult>0</difficult>
		<bndbox>
			<xmin>496</xmin>
			<ymin>240</ymin>
			<xmax>943</xmax>
			<ymax>711</ymax>
		</bndbox>
	</object>
</annotation>
