<annotation>
	<folder>data</folder>
	<filename>new_data_220.jpg</filename>
	<path>D:\DashboardGraphExtract\data\new_data_220.jpg</path>
	<source>
		<database>Unknown</database>
	</source>
	<size>
		<width>850</width>
		<height>667</height>
		<depth>3</depth>
	</size>
	<segmented>0</segmented>
	<object>
		<name>bar_graph</name>
		<pose>Unspecified</pose>
		<truncated>0</truncated>
		<difficult>0</difficult>
		<bndbox>
			<xmin>104</xmin>
			<ymin>129</ymin>
			<xmax>830</xmax>
			<ymax>657</ymax>
		</bndbox>
	</object>
</annotation>
