<annotation>
	<folder>data</folder>
	<filename>new_data_238.jpg</filename>
	<path>D:\DashboardGraphExtract\data\new_data_238.jpg</path>
	<source>
		<database>Unknown</database>
	</source>
	<size>
		<width>512</width>
		<height>395</height>
		<depth>3</depth>
	</size>
	<segmented>0</segmented>
	<object>
		<name>line_chart</name>
		<pose>Unspecified</pose>
		<truncated>0</truncated>
		<difficult>0</difficult>
		<bndbox>
			<xmin>79</xmin>
			<ymin>64</ymin>
			<xmax>484</xmax>
			<ymax>173</ymax>
		</bndbox>
	</object>
	<object>
		<name>line_chart</name>
		<pose>Unspecified</pose>
		<truncated>0</truncated>
		<difficult>0</difficult>
		<bndbox>
			<xmin>73</xmin>
			<ymin>183</ymin>
			<xmax>489</xmax>
			<ymax>321</ymax>
		</bndbox>
	</object>
</annotation>
