<annotation>
	<folder>data</folder>
	<filename>new_data_375.jpg</filename>
	<path>D:\DashboardGraphExtract\data\new_data_375.jpg</path>
	<source>
		<database>Unknown</database>
	</source>
	<size>
		<width>480</width>
		<height>480</height>
		<depth>3</depth>
	</size>
	<segmented>0</segmented>
	<object>
		<name>pie_chart</name>
		<pose>Unspecified</pose>
		<truncated>0</truncated>
		<difficult>0</difficult>
		<bndbox>
			<xmin>39</xmin>
			<ymin>35</ymin>
			<xmax>449</xmax>
			<ymax>443</ymax>
		</bndbox>
	</object>
</annotation>
