<annotation>
	<folder>data</folder>
	<filename>new_data_386.jpg</filename>
	<path>D:\DashboardGraphExtract\data\new_data_386.jpg</path>
	<source>
		<database>Unknown</database>
	</source>
	<size>
		<width>358</width>
		<height>410</height>
		<depth>3</depth>
	</size>
	<segmented>0</segmented>
	<object>
		<name>pie_chart</name>
		<pose>Unspecified</pose>
		<truncated>1</truncated>
		<difficult>0</difficult>
		<bndbox>
			<xmin>1</xmin>
			<ymin>55</ymin>
			<xmax>358</xmax>
			<ymax>402</ymax>
		</bndbox>
	</object>
</annotation>
