<annotation>
	<folder>data</folder>
	<filename>new_data_71.jpg</filename>
	<path>D:\DashboardGraphExtract\data\new_data_71.jpg</path>
	<source>
		<database>Unknown</database>
	</source>
	<size>
		<width>274</width>
		<height>299</height>
		<depth>3</depth>
	</size>
	<segmented>0</segmented>
	<object>
		<name>pie_chart</name>
		<pose>Unspecified</pose>
		<truncated>0</truncated>
		<difficult>0</difficult>
		<bndbox>
			<xmin>40</xmin>
			<ymin>52</ymin>
			<xmax>235</xmax>
			<ymax>250</ymax>
		</bndbox>
	</object>
</annotation>
