<annotation>
	<folder>data</folder>
	<filename>new_data_65.jpg</filename>
	<path>D:\DashboardGraphExtract\data\new_data_65.jpg</path>
	<source>
		<database>Unknown</database>
	</source>
	<size>
		<width>730</width>
		<height>365</height>
		<depth>3</depth>
	</size>
	<segmented>0</segmented>
	<object>
		<name>bar_graph</name>
		<pose>Unspecified</pose>
		<truncated>0</truncated>
		<difficult>0</difficult>
		<bndbox>
			<xmin>61</xmin>
			<ymin>43</ymin>
			<xmax>691</xmax>
			<ymax>361</ymax>
		</bndbox>
	</object>
</annotation>
