<annotation>
	<folder>data</folder>
	<filename>new_data_379.jpg</filename>
	<path>D:\DashboardGraphExtract\data\new_data_379.jpg</path>
	<source>
		<database>Unknown</database>
	</source>
	<size>
		<width>464</width>
		<height>327</height>
		<depth>3</depth>
	</size>
	<segmented>0</segmented>
	<object>
		<name>pie_chart</name>
		<pose>Unspecified</pose>
		<truncated>0</truncated>
		<difficult>0</difficult>
		<bndbox>
			<xmin>134</xmin>
			<ymin>111</ymin>
			<xmax>334</xmax>
			<ymax>308</ymax>
		</bndbox>
	</object>
</annotation>
