<annotation>
	<folder>data</folder>
	<filename>new_data_191.jpg</filename>
	<path>D:\DashboardGraphExtract\data\new_data_191.jpg</path>
	<source>
		<database>Unknown</database>
	</source>
	<size>
		<width>1192</width>
		<height>698</height>
		<depth>3</depth>
	</size>
	<segmented>0</segmented>
	<object>
		<name>area_chart</name>
		<pose>Unspecified</pose>
		<truncated>0</truncated>
		<difficult>0</difficult>
		<bndbox>
			<xmin>201</xmin>
			<ymin>136</ymin>
			<xmax>1110</xmax>
			<ymax>561</ymax>
		</bndbox>
	</object>
</annotation>
