<annotation>
	<folder>data</folder>
	<filename>new_data_342.jpg</filename>
	<path>D:\DashboardGraphExtract\data\new_data_342.jpg</path>
	<source>
		<database>Unknown</database>
	</source>
	<size>
		<width>481</width>
		<height>289</height>
		<depth>3</depth>
	</size>
	<segmented>0</segmented>
	<object>
		<name>line_chart</name>
		<pose>Unspecified</pose>
		<truncated>0</truncated>
		<difficult>0</difficult>
		<bndbox>
			<xmin>70</xmin>
			<ymin>62</ymin>
			<xmax>434</xmax>
			<ymax>253</ymax>
		</bndbox>
	</object>
</annotation>
