<annotation>
	<folder>data</folder>
	<filename>new_data_140.jpg</filename>
	<path>D:\DashboardGraphExtract\data\new_data_140.jpg</path>
	<source>
		<database>Unknown</database>
	</source>
	<size>
		<width>1280</width>
		<height>720</height>
		<depth>3</depth>
	</size>
	<segmented>0</segmented>
	<object>
		<name>area_chart</name>
		<pose>Unspecified</pose>
		<truncated>0</truncated>
		<difficult>0</difficult>
		<bndbox>
			<xmin>410</xmin>
			<ymin>178</ymin>
			<xmax>1251</xmax>
			<ymax>344</ymax>
		</bndbox>
	</object>
	<object>
		<name>area_chart</name>
		<pose>Unspecified</pose>
		<truncated>0</truncated>
		<difficult>0</difficult>
		<bndbox>
			<xmin>414</xmin>
			<ymin>402</ymin>
			<xmax>1251</xmax>
			<ymax>567</ymax>
		</bndbox>
	</object>
</annotation>
