<annotation>
	<folder>data</folder>
	<filename>new_data_66.jpg</filename>
	<path>D:\DashboardGraphExtract\data\new_data_66.jpg</path>
	<source>
		<database>Unknown</database>
	</source>
	<size>
		<width>507</width>
		<height>328</height>
		<depth>3</depth>
	</size>
	<segmented>0</segmented>
	<object>
		<name>bar_graph</name>
		<pose>Unspecified</pose>
		<truncated>0</truncated>
		<difficult>0</difficult>
		<bndbox>
			<xmin>43</xmin>
			<ymin>54</ymin>
			<xmax>450</xmax>
			<ymax>289</ymax>
		</bndbox>
	</object>
</annotation>
