<annotation>
	<folder>data</folder>
	<filename>new_data_38.jpg</filename>
	<path>D:\DashboardGraphExtract\data\new_data_38.jpg</path>
	<source>
		<database>Unknown</database>
	</source>
	<size>
		<width>511</width>
		<height>293</height>
		<depth>3</depth>
	</size>
	<segmented>0</segmented>
	<object>
		<name>bar_graph</name>
		<pose>Unspecified</pose>
		<truncated>0</truncated>
		<difficult>0</difficult>
		<bndbox>
			<xmin>58</xmin>
			<ymin>41</ymin>
			<xmax>494</xmax>
			<ymax>279</ymax>
		</bndbox>
	</object>
</annotation>
