<annotation>
	<folder>data</folder>
	<filename>new_data_395.jpg</filename>
	<path>D:\DashboardGraphExtract\data\new_data_395.jpg</path>
	<source>
		<database>Unknown</database>
	</source>
	<size>
		<width>852</width>
		<height>789</height>
		<depth>3</depth>
	</size>
	<segmented>0</segmented>
	<object>
		<name>pie_chart</name>
		<pose>Unspecified</pose>
		<truncated>0</truncated>
		<difficult>0</difficult>
		<bndbox>
			<xmin>121</xmin>
			<ymin>122</ymin>
			<xmax>702</xmax>
			<ymax>702</ymax>
		</bndbox>
	</object>
</annotation>
