<annotation>
	<folder>data</folder>
	<filename>new_data_365.jpg</filename>
	<path>D:\DashboardGraphExtract\data\new_data_365.jpg</path>
	<source>
		<database>Unknown</database>
	</source>
	<size>
		<width>300</width>
		<height>287</height>
		<depth>3</depth>
	</size>
	<segmented>0</segmented>
	<object>
		<name>pie_chart</name>
		<pose>Unspecified</pose>
		<truncated>0</truncated>
		<difficult>0</difficult>
		<bndbox>
			<xmin>36</xmin>
			<ymin>21</ymin>
			<xmax>279</xmax>
			<ymax>267</ymax>
		</bndbox>
	</object>
</annotation>
