<annotation>
	<folder>data</folder>
	<filename>new_data_199.jpg</filename>
	<path>D:\DashboardGraphExtract\data\new_data_199.jpg</path>
	<source>
		<database>Unknown</database>
	</source>
	<size>
		<width>471</width>
		<height>290</height>
		<depth>3</depth>
	</size>
	<segmented>0</segmented>
	<object>
		<name>donut</name>
		<pose>Unspecified</pose>
		<truncated>0</truncated>
		<difficult>0</difficult>
		<bndbox>
			<xmin>186</xmin>
			<ymin>44</ymin>
			<xmax>425</xmax>
			<ymax>281</ymax>
		</bndbox>
	</object>
</annotation>
