<annotation>
	<folder>data</folder>
	<filename>new_data_276.jpg</filename>
	<path>D:\DashboardGraphExtract\data\new_data_276.jpg</path>
	<source>
		<database>Unknown</database>
	</source>
	<size>
		<width>1590</width>
		<height>959</height>
		<depth>3</depth>
	</size>
	<segmented>0</segmented>
	<object>
		<name>area_chart</name>
		<pose>Unspecified</pose>
		<truncated>0</truncated>
		<difficult>0</difficult>
		<bndbox>
			<xmin>206</xmin>
			<ymin>121</ymin>
			<xmax>1291</xmax>
			<ymax>832</ymax>
		</bndbox>
	</object>
</annotation>
