<annotation>
	<folder>data</folder>
	<filename>new_data_249.jpg</filename>
	<path>D:\DashboardGraphExtract\data\new_data_249.jpg</path>
	<source>
		<database>Unknown</database>
	</source>
	<size>
		<width>231</width>
		<height>218</height>
		<depth>3</depth>
	</size>
	<segmented>0</segmented>
	<object>
		<name>bar_graph</name>
		<pose>Unspecified</pose>
		<truncated>0</truncated>
		<difficult>0</difficult>
		<bndbox>
			<xmin>39</xmin>
			<ymin>35</ymin>
			<xmax>167</xmax>
			<ymax>207</ymax>
		</bndbox>
	</object>
</annotation>
