<annotation>
	<folder>data</folder>
	<filename>new_data_196.jpg</filename>
	<path>D:\DashboardGraphExtract\data\new_data_196.jpg</path>
	<source>
		<database>Unknown</database>
	</source>
	<size>
		<width>827</width>
		<height>666</height>
		<depth>3</depth>
	</size>
	<segmented>0</segmented>
	<object>
		<name>bar_graph</name>
		<pose>Unspecified</pose>
		<truncated>0</truncated>
		<difficult>0</difficult>
		<bndbox>
			<xmin>158</xmin>
			<ymin>53</ymin>
			<xmax>690</xmax>
			<ymax>565</ymax>
		</bndbox>
	</object>
</annotation>
