<annotation>
	<folder>data</folder>
	<filename>new_data_15.jpg</filename>
	<path>D:\DashboardGraphExtract\data\new_data_15.jpg</path>
	<source>
		<database>Unknown</database>
	</source>
	<size>
		<width>1559</width>
		<height>1843</height>
		<depth>3</depth>
	</size>
	<segmented>0</segmented>
	<object>
		<name>bar_graph</name>
		<pose>Unspecified</pose>
		<truncated>0</truncated>
		<difficult>0</difficult>
		<bndbox>
			<xmin>280</xmin>
			<ymin>27</ymin>
			<xmax>1492</xmax>
			<ymax>1259</ymax>
		</bndbox>
	</object>
</annotation>
