<annotation>
	<folder>data</folder>
	<filename>new_data_47.jpg</filename>
	<path>D:\DashboardGraphExtract\data\new_data_47.jpg</path>
	<source>
		<database>Unknown</database>
	</source>
	<size>
		<width>720</width>
		<height>748</height>
		<depth>3</depth>
	</size>
	<segmented>0</segmented>
	<object>
		<name>line_chart</name>
		<pose>Unspecified</pose>
		<truncated>0</truncated>
		<difficult>0</difficult>
		<bndbox>
			<xmin>42</xmin>
			<ymin>410</ymin>
			<xmax>589</xmax>
			<ymax>541</ymax>
		</bndbox>
	</object>
	<object>
		<name>line_chart</name>
		<pose>Unspecified</pose>
		<truncated>0</truncated>
		<difficult>0</difficult>
		<bndbox>
			<xmin>40</xmin>
			<ymin>233</ymin>
			<xmax>588</xmax>
			<ymax>408</ymax>
		</bndbox>
	</object>
</annotation>
