<annotation>
	<folder>data</folder>
	<filename>new_data_223.jpg</filename>
	<path>D:\DashboardGraphExtract\data\new_data_223.jpg</path>
	<source>
		<database>Unknown</database>
	</source>
	<size>
		<width>476</width>
		<height>285</height>
		<depth>3</depth>
	</size>
	<segmented>0</segmented>
	<object>
		<name>line_chart</name>
		<pose>Unspecified</pose>
		<truncated>0</truncated>
		<difficult>0</difficult>
		<bndbox>
			<xmin>55</xmin>
			<ymin>28</ymin>
			<xmax>429</xmax>
			<ymax>136</ymax>
		</bndbox>
	</object>
	<object>
		<name>line_chart</name>
		<pose>Unspecified</pose>
		<truncated>0</truncated>
		<difficult>0</difficult>
		<bndbox>
			<xmin>56</xmin>
			<ymin>148</ymin>
			<xmax>431</xmax>
			<ymax>229</ymax>
		</bndbox>
	</object>
</annotation>
