<annotation>
	<folder>data</folder>
	<filename>new_data_214.jpg</filename>
	<path>D:\DashboardGraphExtract\data\new_data_214.jpg</path>
	<source>
		<database>Unknown</database>
	</source>
	<size>
		<width>1024</width>
		<height>690</height>
		<depth>3</depth>
	</size>
	<segmented>0</segmented>
	<object>
		<name>bar_graph</name>
		<pose>Unspecified</pose>
		<truncated>0</truncated>
		<difficult>0</difficult>
		<bndbox>
			<xmin>94</xmin>
			<ymin>67</ymin>
			<xmax>987</xmax>
			<ymax>549</ymax>
		</bndbox>
	</object>
</annotation>
