<annotation>
	<folder>data</folder>
	<filename>new_data_418.jpg</filename>
	<path>D:\DashboardGraphExtract\data\new_data_418.jpg</path>
	<source>
		<database>Unknown</database>
	</source>
	<size>
		<width>1920</width>
		<height>1080</height>
		<depth>3</depth>
	</size>
	<segmented>0</segmented>
	<object>
		<name>line_chart</name>
		<pose>Unspecified</pose>
		<truncated>0</truncated>
		<difficult>0</difficult>
		<bndbox>
			<xmin>616</xmin>
			<ymin>242</ymin>
			<xmax>1846</xmax>
			<ymax>845</ymax>
		</bndbox>
	</object>
</annotation>
