<annotation>
	<folder>data</folder>
	<filename>new_data_80.jpg</filename>
	<path>D:\DashboardGraphExtract\data\new_data_80.jpg</path>
	<source>
		<database>Unknown</database>
	</source>
	<size>
		<width>1200</width>
		<height>400</height>
		<depth>3</depth>
	</size>
	<segmented>0</segmented>
	<object>
		<name>pie_chart</name>
		<pose>Unspecified</pose>
		<truncated>0</truncated>
		<difficult>0</difficult>
		<bndbox>
			<xmin>450</xmin>
			<ymin>54</ymin>
			<xmax>764</xmax>
			<ymax>382</ymax>
		</bndbox>
	</object>
</annotation>
