<annotation>
	<folder>data</folder>
	<filename>new_data_68.jpg</filename>
	<path>D:\DashboardGraphExtract\data\new_data_68.jpg</path>
	<source>
		<database>Unknown</database>
	</source>
	<size>
		<width>505</width>
		<height>305</height>
		<depth>3</depth>
	</size>
	<segmented>0</segmented>
	<object>
		<name>bar_graph</name>
		<pose>Unspecified</pose>
		<truncated>0</truncated>
		<difficult>0</difficult>
		<bndbox>
			<xmin>95</xmin>
			<ymin>76</ymin>
			<xmax>463</xmax>
			<ymax>285</ymax>
		</bndbox>
	</object>
</annotation>
