<annotation>
	<folder>data</folder>
	<filename>new_data_350.jpg</filename>
	<path>D:\DashboardGraphExtract\data\new_data_350.jpg</path>
	<source>
		<database>Unknown</database>
	</source>
	<size>
		<width>612</width>
		<height>783</height>
		<depth>3</depth>
	</size>
	<segmented>0</segmented>
	<object>
		<name>line_chart</name>
		<pose>Unspecified</pose>
		<truncated>0</truncated>
		<difficult>0</difficult>
		<bndbox>
			<xmin>191</xmin>
			<ymin>544</ymin>
			<xmax>584</xmax>
			<ymax>716</ymax>
		</bndbox>
	</object>
</annotation>
