<annotation>
	<folder>data</folder>
	<filename>new_data_141.jpg</filename>
	<path>D:\DashboardGraphExtract\data\new_data_141.jpg</path>
	<source>
		<database>Unknown</database>
	</source>
	<size>
		<width>1280</width>
		<height>720</height>
		<depth>3</depth>
	</size>
	<segmented>0</segmented>
	<object>
		<name>line_chart</name>
		<pose>Unspecified</pose>
		<truncated>0</truncated>
		<difficult>0</difficult>
		<bndbox>
			<xmin>93</xmin>
			<ymin>118</ymin>
			<xmax>1231</xmax>
			<ymax>591</ymax>
		</bndbox>
	</object>
</annotation>
