<annotation>
	<folder>data</folder>
	<filename>new_data_373.jpg</filename>
	<path>D:\DashboardGraphExtract\data\new_data_373.jpg</path>
	<source>
		<database>Unknown</database>
	</source>
	<size>
		<width>799</width>
		<height>449</height>
		<depth>3</depth>
	</size>
	<segmented>0</segmented>
	<object>
		<name>pie_chart</name>
		<pose>Unspecified</pose>
		<truncated>0</truncated>
		<difficult>0</difficult>
		<bndbox>
			<xmin>211</xmin>
			<ymin>58</ymin>
			<xmax>590</xmax>
			<ymax>433</ymax>
		</bndbox>
	</object>
</annotation>
