<annotation>
	<folder>data</folder>
	<filename>new_data_206.jpg</filename>
	<path>D:\DashboardGraphExtract\data\new_data_206.jpg</path>
	<source>
		<database>Unknown</database>
	</source>
	<size>
		<width>1378</width>
		<height>615</height>
		<depth>3</depth>
	</size>
	<segmented>0</segmented>
	<object>
		<name>line_chart</name>
		<pose>Unspecified</pose>
		<truncated>0</truncated>
		<difficult>0</difficult>
		<bndbox>
			<xmin>83</xmin>
			<ymin>83</ymin>
			<xmax>1132</xmax>
			<ymax>470</ymax>
		</bndbox>
	</object>
</annotation>
