<annotation>
	<folder>data</folder>
	<filename>new_data_262.jpg</filename>
	<path>D:\DashboardGraphExtract\data\new_data_262.jpg</path>
	<source>
		<database>Unknown</database>
	</source>
	<size>
		<width>780</width>
		<height>390</height>
		<depth>3</depth>
	</size>
	<segmented>0</segmented>
	<object>
		<name>bar_graph</name>
		<pose>Unspecified</pose>
		<truncated>0</truncated>
		<difficult>0</difficult>
		<bndbox>
			<xmin>100</xmin>
			<ymin>99</ymin>
			<xmax>262</xmax>
			<ymax>346</ymax>
		</bndbox>
	</object>
	<object>
		<name>bar_graph</name>
		<pose>Unspecified</pose>
		<truncated>0</truncated>
		<difficult>0</difficult>
		<bndbox>
			<xmin>294</xmin>
			<ymin>187</ymin>
			<xmax>454</xmax>
			<ymax>345</ymax>
		</bndbox>
	</object>
	<object>
		<name>bar_graph</name>
		<pose>Unspecified</pose>
		<truncated>0</truncated>
		<difficult>0</difficult>
		<bndbox>
			<xmin>485</xmin>
			<ymin>193</ymin>
			<xmax>648</xmax>
			<ymax>350</ymax>
		</bndbox>
	</object>
</annotation>
