<annotation>
	<folder>data</folder>
	<filename>new_data_275.jpg</filename>
	<path>D:\DashboardGraphExtract\data\new_data_275.jpg</path>
	<source>
		<database>Unknown</database>
	</source>
	<size>
		<width>960</width>
		<height>467</height>
		<depth>3</depth>
	</size>
	<segmented>0</segmented>
	<object>
		<name>donut</name>
		<pose>Unspecified</pose>
		<truncated>0</truncated>
		<difficult>0</difficult>
		<bndbox>
			<xmin>238</xmin>
			<ymin>106</ymin>
			<xmax>551</xmax>
			<ymax>430</ymax>
		</bndbox>
	</object>
</annotation>
