<annotation>
	<folder>data</folder>
	<filename>new_data_13.jpg</filename>
	<path>D:\DashboardGraphExtract\data\new_data_13.jpg</path>
	<source>
		<database>Unknown</database>
	</source>
	<size>
		<width>482</width>
		<height>330</height>
		<depth>3</depth>
	</size>
	<segmented>0</segmented>
	<object>
		<name>pie_chart</name>
		<pose>Unspecified</pose>
		<truncated>0</truncated>
		<difficult>0</difficult>
		<bndbox>
			<xmin>10</xmin>
			<ymin>53</ymin>
			<xmax>283</xmax>
			<ymax>323</ymax>
		</bndbox>
	</object>
</annotation>
