<annotation>
	<folder>data</folder>
	<filename>new_data_304.jpg</filename>
	<path>D:\DashboardGraphExtract\data\new_data_304.jpg</path>
	<source>
		<database>Unknown</database>
	</source>
	<size>
		<width>267</width>
		<height>189</height>
		<depth>3</depth>
	</size>
	<segmented>0</segmented>
	<object>
		<name>bar_graph</name>
		<pose>Unspecified</pose>
		<truncated>0</truncated>
		<difficult>0</difficult>
		<bndbox>
			<xmin>42</xmin>
			<ymin>34</ymin>
			<xmax>222</xmax>
			<ymax>182</ymax>
		</bndbox>
	</object>
</annotation>
