<annotation>
	<folder>data</folder>
	<filename>new_data_347.jpg</filename>
	<path>D:\DashboardGraphExtract\data\new_data_347.jpg</path>
	<source>
		<database>Unknown</database>
	</source>
	<size>
		<width>416</width>
		<height>276</height>
		<depth>3</depth>
	</size>
	<segmented>0</segmented>
	<object>
		<name>line_chart</name>
		<pose>Unspecified</pose>
		<truncated>0</truncated>
		<difficult>0</difficult>
		<bndbox>
			<xmin>54</xmin>
			<ymin>67</ymin>
			<xmax>390</xmax>
			<ymax>195</ymax>
		</bndbox>
	</object>
</annotation>
