<annotation>
	<folder>data</folder>
	<filename>new_data_212.jpg</filename>
	<path>D:\DashboardGraphExtract\data\new_data_212.jpg</path>
	<source>
		<database>Unknown</database>
	</source>
	<size>
		<width>667</width>
		<height>449</height>
		<depth>3</depth>
	</size>
	<segmented>0</segmented>
	<object>
		<name>donut</name>
		<pose>Unspecified</pose>
		<truncated>0</truncated>
		<difficult>0</difficult>
		<bndbox>
			<xmin>151</xmin>
			<ymin>46</ymin>
			<xmax>513</xmax>
			<ymax>404</ymax>
		</bndbox>
	</object>
</annotation>
