<annotation>
	<folder>data</folder>
	<filename>new_data_344.jpg</filename>
	<path>D:\DashboardGraphExtract\data\new_data_344.jpg</path>
	<source>
		<database>Unknown</database>
	</source>
	<size>
		<width>750</width>
		<height>560</height>
		<depth>3</depth>
	</size>
	<segmented>0</segmented>
	<object>
		<name>line_chart</name>
		<pose>Unspecified</pose>
		<truncated>0</truncated>
		<difficult>0</difficult>
		<bndbox>
			<xmin>93</xmin>
			<ymin>82</ymin>
			<xmax>698</xmax>
			<ymax>478</ymax>
		</bndbox>
	</object>
</annotation>
