<annotation>
	<folder>data</folder>
	<filename>new_data_260.jpg</filename>
	<path>D:\DashboardGraphExtract\data\new_data_260.jpg</path>
	<source>
		<database>Unknown</database>
	</source>
	<size>
		<width>2058</width>
		<height>942</height>
		<depth>3</depth>
	</size>
	<segmented>0</segmented>
	<object>
		<name>donut</name>
		<pose>Unspecified</pose>
		<truncated>0</truncated>
		<difficult>0</difficult>
		<bndbox>
			<xmin>176</xmin>
			<ymin>133</ymin>
			<xmax>918</xmax>
			<ymax>876</ymax>
		</bndbox>
	</object>
</annotation>
