<annotation>
	<folder>data</folder>
	<filename>new_data_93.jpg</filename>
	<path>D:\DashboardGraphExtract\data\new_data_93.jpg</path>
	<source>
		<database>Unknown</database>
	</source>
	<size>
		<width>1600</width>
		<height>900</height>
		<depth>3</depth>
	</size>
	<segmented>0</segmented>
	<object>
		<name>pie_chart</name>
		<pose>Unspecified</pose>
		<truncated>0</truncated>
		<difficult>0</difficult>
		<bndbox>
			<xmin>1003</xmin>
			<ymin>661</ymin>
			<xmax>1241</xmax>
			<ymax>897</ymax>
		</bndbox>
	</object>
</annotation>
