<annotation>
	<folder>data</folder>
	<filename>new_data_8.jpg</filename>
	<path>D:\DashboardGraphExtract\data\new_data_8.jpg</path>
	<source>
		<database>Unknown</database>
	</source>
	<size>
		<width>548</width>
		<height>367</height>
		<depth>3</depth>
	</size>
	<segmented>0</segmented>
	<object>
		<name>donut</name>
		<pose>Unspecified</pose>
		<truncated>0</truncated>
		<difficult>0</difficult>
		<bndbox>
			<xmin>172</xmin>
			<ymin>89</ymin>
			<xmax>374</xmax>
			<ymax>293</ymax>
		</bndbox>
	</object>
</annotation>
