<annotation>
	<folder>data</folder>
	<filename>new_data_4.jpg</filename>
	<path>D:\DashboardGraphExtract\data\new_data_4.jpg</path>
	<source>
		<database>Unknown</database>
	</source>
	<size>
		<width>673</width>
		<height>471</height>
		<depth>3</depth>
	</size>
	<segmented>0</segmented>
	<object>
		<name>bar_graph</name>
		<pose>Unspecified</pose>
		<truncated>0</truncated>
		<difficult>0</difficult>
		<bndbox>
			<xmin>97</xmin>
			<ymin>70</ymin>
			<xmax>231</xmax>
			<ymax>422</ymax>
		</bndbox>
	</object>
	<object>
		<name>bar_graph</name>
		<pose>Unspecified</pose>
		<truncated>0</truncated>
		<difficult>0</difficult>
		<bndbox>
			<xmin>262</xmin>
			<ymin>60</ymin>
			<xmax>365</xmax>
			<ymax>418</ymax>
		</bndbox>
	</object>
	<object>
		<name>bar_graph</name>
		<pose>Unspecified</pose>
		<truncated>0</truncated>
		<difficult>0</difficult>
		<bndbox>
			<xmin>410</xmin>
			<ymin>74</ymin>
			<xmax>509</xmax>
			<ymax>422</ymax>
		</bndbox>
	</object>
	<object>
		<name>bar_graph</name>
		<pose>Unspecified</pose>
		<truncated>0</truncated>
		<difficult>0</difficult>
		<bndbox>
			<xmin>548</xmin>
			<ymin>17</ymin>
			<xmax>655</xmax>
			<ymax>426</ymax>
		</bndbox>
	</object>
</annotation>
