<annotation>
	<folder>data</folder>
	<filename>new_data_225.jpg</filename>
	<path>D:\DashboardGraphExtract\data\new_data_225.jpg</path>
	<source>
		<database>Unknown</database>
	</source>
	<size>
		<width>350</width>
		<height>511</height>
		<depth>3</depth>
	</size>
	<segmented>0</segmented>
	<object>
		<name>donut</name>
		<pose>Unspecified</pose>
		<truncated>0</truncated>
		<difficult>0</difficult>
		<bndbox>
			<xmin>63</xmin>
			<ymin>29</ymin>
			<xmax>299</xmax>
			<ymax>265</ymax>
		</bndbox>
	</object>
</annotation>
