<annotation>
	<folder>data</folder>
	<filename>new_data_234.jpg</filename>
	<path>D:\DashboardGraphExtract\data\new_data_234.jpg</path>
	<source>
		<database>Unknown</database>
	</source>
	<size>
		<width>768</width>
		<height>768</height>
		<depth>3</depth>
	</size>
	<segmented>0</segmented>
	<object>
		<name>donut</name>
		<pose>Unspecified</pose>
		<truncated>0</truncated>
		<difficult>0</difficult>
		<bndbox>
			<xmin>107</xmin>
			<ymin>138</ymin>
			<xmax>655</xmax>
			<ymax>677</ymax>
		</bndbox>
	</object>
</annotation>
