<annotation>
	<folder>data</folder>
	<filename>new_data_55.jpg</filename>
	<path>D:\DashboardGraphExtract\data\new_data_55.jpg</path>
	<source>
		<database>Unknown</database>
	</source>
	<size>
		<width>923</width>
		<height>636</height>
		<depth>3</depth>
	</size>
	<segmented>0</segmented>
	<object>
		<name>line_chart</name>
		<pose>Unspecified</pose>
		<truncated>0</truncated>
		<difficult>0</difficult>
		<bndbox>
			<xmin>251</xmin>
			<ymin>183</ymin>
			<xmax>809</xmax>
			<ymax>420</ymax>
		</bndbox>
	</object>
</annotation>
