<annotation>
	<folder>data</folder>
	<filename>new_data_244.jpg</filename>
	<path>D:\DashboardGraphExtract\data\new_data_244.jpg</path>
	<source>
		<database>Unknown</database>
	</source>
	<size>
		<width>717</width>
		<height>485</height>
		<depth>3</depth>
	</size>
	<segmented>0</segmented>
	<object>
		<name>donut</name>
		<pose>Unspecified</pose>
		<truncated>0</truncated>
		<difficult>0</difficult>
		<bndbox>
			<xmin>118</xmin>
			<ymin>55</ymin>
			<xmax>492</xmax>
			<ymax>429</ymax>
		</bndbox>
	</object>
</annotation>
