<annotation>
	<folder>data</folder>
	<filename>new_data_179.jpg</filename>
	<path>D:\DashboardGraphExtract\data\new_data_179.jpg</path>
	<source>
		<database>Unknown</database>
	</source>
	<size>
		<width>1087</width>
		<height>746</height>
		<depth>3</depth>
	</size>
	<segmented>0</segmented>
	<object>
		<name>area_chart</name>
		<pose>Unspecified</pose>
		<truncated>0</truncated>
		<difficult>0</difficult>
		<bndbox>
			<xmin>210</xmin>
			<ymin>148</ymin>
			<xmax>666</xmax>
			<ymax>422</ymax>
		</bndbox>
	</object>
</annotation>
