<annotation>
	<folder>data</folder>
	<filename>new_data_259.jpg</filename>
	<path>D:\DashboardGraphExtract\data\new_data_259.jpg</path>
	<source>
		<database>Unknown</database>
	</source>
	<size>
		<width>1251</width>
		<height>913</height>
		<depth>3</depth>
	</size>
	<segmented>0</segmented>
	<object>
		<name>pie_chart</name>
		<pose>Unspecified</pose>
		<truncated>0</truncated>
		<difficult>0</difficult>
		<bndbox>
			<xmin>396</xmin>
			<ymin>362</ymin>
			<xmax>916</xmax>
			<ymax>889</ymax>
		</bndbox>
	</object>
</annotation>
