<annotation>
	<folder>data</folder>
	<filename>new_data_147.jpg</filename>
	<path>D:\DashboardGraphExtract\data\new_data_147.jpg</path>
	<source>
		<database>Unknown</database>
	</source>
	<size>
		<width>1000</width>
		<height>1079</height>
		<depth>3</depth>
	</size>
	<segmented>0</segmented>
	<object>
		<name>pie_chart</name>
		<pose>Unspecified</pose>
		<truncated>0</truncated>
		<difficult>0</difficult>
		<bndbox>
			<xmin>145</xmin>
			<ymin>108</ymin>
			<xmax>883</xmax>
			<ymax>849</ymax>
		</bndbox>
	</object>
</annotation>
