<annotation>
	<folder>data</folder>
	<filename>new_data_355.jpg</filename>
	<path>D:\DashboardGraphExtract\data\new_data_355.jpg</path>
	<source>
		<database>Unknown</database>
	</source>
	<size>
		<width>647</width>
		<height>406</height>
		<depth>3</depth>
	</size>
	<segmented>0</segmented>
	<object>
		<name>bar_graph</name>
		<pose>Unspecified</pose>
		<truncated>1</truncated>
		<difficult>0</difficult>
		<bndbox>
			<xmin>86</xmin>
			<ymin>44</ymin>
			<xmax>646</xmax>
			<ymax>406</ymax>
		</bndbox>
	</object>
</annotation>
