<annotation>
	<folder>data</folder>
	<filename>new_data_311.jpg</filename>
	<path>D:\DashboardGraphExtract\data\new_data_311.jpg</path>
	<source>
		<database>Unknown</database>
	</source>
	<size>
		<width>274</width>
		<height>184</height>
		<depth>3</depth>
	</size>
	<segmented>0</segmented>
	<object>
		<name>area_chart</name>
		<pose>Unspecified</pose>
		<truncated>0</truncated>
		<difficult>0</difficult>
		<bndbox>
			<xmin>27</xmin>
			<ymin>11</ymin>
			<xmax>257</xmax>
			<ymax>170</ymax>
		</bndbox>
	</object>
</annotation>
