<annotation>
	<folder>data</folder>
	<filename>new_data_291.jpg</filename>
	<path>D:\DashboardGraphExtract\data\new_data_291.jpg</path>
	<source>
		<database>Unknown</database>
	</source>
	<size>
		<width>240</width>
		<height>210</height>
		<depth>3</depth>
	</size>
	<segmented>0</segmented>
	<object>
		<name>pie_chart</name>
		<pose>Unspecified</pose>
		<truncated>0</truncated>
		<difficult>0</difficult>
		<bndbox>
			<xmin>35</xmin>
			<ymin>25</ymin>
			<xmax>215</xmax>
			<ymax>203</ymax>
		</bndbox>
	</object>
</annotation>
