<annotation>
	<folder>data</folder>
	<filename>new_data_48.jpg</filename>
	<path>D:\DashboardGraphExtract\data\new_data_48.jpg</path>
	<source>
		<database>Unknown</database>
	</source>
	<size>
		<width>720</width>
		<height>720</height>
		<depth>3</depth>
	</size>
	<segmented>0</segmented>
	<object>
		<name>area_chart</name>
		<pose>Unspecified</pose>
		<truncated>0</truncated>
		<difficult>0</difficult>
		<bndbox>
			<xmin>47</xmin>
			<ymin>242</ymin>
			<xmax>601</xmax>
			<ymax>552</ymax>
		</bndbox>
	</object>
</annotation>
