<annotation>
	<folder>data</folder>
	<filename>new_data_222.jpg</filename>
	<path>D:\DashboardGraphExtract\data\new_data_222.jpg</path>
	<source>
		<database>Unknown</database>
	</source>
	<size>
		<width>1136</width>
		<height>586</height>
		<depth>3</depth>
	</size>
	<segmented>0</segmented>
	<object>
		<name>area_chart</name>
		<pose>Unspecified</pose>
		<truncated>1</truncated>
		<difficult>0</difficult>
		<bndbox>
			<xmin>927</xmin>
			<ymin>149</ymin>
			<xmax>1106</xmax>
			<ymax>586</ymax>
		</bndbox>
	</object>
	<object>
		<name>area_chart</name>
		<pose>Unspecified</pose>
		<truncated>0</truncated>
		<difficult>0</difficult>
		<bndbox>
			<xmin>703</xmin>
			<ymin>214</ymin>
			<xmax>882</xmax>
			<ymax>582</ymax>
		</bndbox>
	</object>
	<object>
		<name>area_chart</name>
		<pose>Unspecified</pose>
		<truncated>1</truncated>
		<difficult>0</difficult>
		<bndbox>
			<xmin>475</xmin>
			<ymin>296</ymin>
			<xmax>658</xmax>
			<ymax>586</ymax>
		</bndbox>
	</object>
	<object>
		<name>area_chart</name>
		<pose>Unspecified</pose>
		<truncated>1</truncated>
		<difficult>0</difficult>
		<bndbox>
			<xmin>262</xmin>
			<ymin>298</ymin>
			<xmax>442</xmax>
			<ymax>586</ymax>
		</bndbox>
	</object>
</annotation>
