<annotation>
	<folder>data</folder>
	<filename>new_data_21.jpg</filename>
	<path>D:\DashboardGraphExtract\data\new_data_21.jpg</path>
	<source>
		<database>Unknown</database>
	</source>
	<size>
		<width>1024</width>
		<height>435</height>
		<depth>3</depth>
	</size>
	<segmented>0</segmented>
	<object>
		<name>pie_chart</name>
		<pose>Unspecified</pose>
		<truncated>0</truncated>
		<difficult>0</difficult>
		<bndbox>
			<xmin>138</xmin>
			<ymin>75</ymin>
			<xmax>374</xmax>
			<ymax>311</ymax>
		</bndbox>
	</object>
	<object>
		<name>bar_graph</name>
		<pose>Unspecified</pose>
		<truncated>0</truncated>
		<difficult>0</difficult>
		<bndbox>
			<xmin>636</xmin>
			<ymin>61</ymin>
			<xmax>911</xmax>
			<ymax>321</ymax>
		</bndbox>
	</object>
</annotation>
