<annotation>
	<folder>data</folder>
	<filename>new_data_115.jpg</filename>
	<path>D:\DashboardGraphExtract\data\new_data_115.jpg</path>
	<source>
		<database>Unknown</database>
	</source>
	<size>
		<width>720</width>
		<height>385</height>
		<depth>3</depth>
	</size>
	<segmented>0</segmented>
	<object>
		<name>donut</name>
		<pose>Unspecified</pose>
		<truncated>0</truncated>
		<difficult>0</difficult>
		<bndbox>
			<xmin>206</xmin>
			<ymin>27</ymin>
			<xmax>531</xmax>
			<ymax>349</ymax>
		</bndbox>
	</object>
</annotation>
