<annotation>
	<folder>data</folder>
	<filename>new_data_256.jpg</filename>
	<path>D:\DashboardGraphExtract\data\new_data_256.jpg</path>
	<source>
		<database>Unknown</database>
	</source>
	<size>
		<width>640</width>
		<height>619</height>
		<depth>3</depth>
	</size>
	<segmented>0</segmented>
	<object>
		<name>pie_chart</name>
		<pose>Unspecified</pose>
		<truncated>0</truncated>
		<difficult>0</difficult>
		<bndbox>
			<xmin>72</xmin>
			<ymin>72</ymin>
			<xmax>587</xmax>
			<ymax>587</ymax>
		</bndbox>
	</object>
</annotation>
