<annotation>
	<folder>data</folder>
	<filename>new_data_17.jpg</filename>
	<path>D:\DashboardGraphExtract\data\new_data_17.jpg</path>
	<source>
		<database>Unknown</database>
	</source>
	<size>
		<width>446</width>
		<height>276</height>
		<depth>3</depth>
	</size>
	<segmented>0</segmented>
	<object>
		<name>area_chart</name>
		<pose>Unspecified</pose>
		<truncated>0</truncated>
		<difficult>0</difficult>
		<bndbox>
			<xmin>40</xmin>
			<ymin>65</ymin>
			<xmax>427</xmax>
			<ymax>225</ymax>
		</bndbox>
	</object>
</annotation>
