<annotation>
	<folder>data</folder>
	<filename>new_data_318.jpg</filename>
	<path>D:\DashboardGraphExtract\data\new_data_318.jpg</path>
	<source>
		<database>Unknown</database>
	</source>
	<size>
		<width>255</width>
		<height>197</height>
		<depth>3</depth>
	</size>
	<segmented>0</segmented>
	<object>
		<name>line_chart</name>
		<pose>Unspecified</pose>
		<truncated>0</truncated>
		<difficult>0</difficult>
		<bndbox>
			<xmin>39</xmin>
			<ymin>29</ymin>
			<xmax>183</xmax>
			<ymax>133</ymax>
		</bndbox>
	</object>
</annotation>
