<annotation>
	<folder>data</folder>
	<filename>new_data_306.jpg</filename>
	<path>D:\DashboardGraphExtract\data\new_data_306.jpg</path>
	<source>
		<database>Unknown</database>
	</source>
	<size>
		<width>225</width>
		<height>225</height>
		<depth>3</depth>
	</size>
	<segmented>0</segmented>
	<object>
		<name>bar_graph</name>
		<pose>Unspecified</pose>
		<truncated>0</truncated>
		<difficult>0</difficult>
		<bndbox>
			<xmin>41</xmin>
			<ymin>31</ymin>
			<xmax>201</xmax>
			<ymax>178</ymax>
		</bndbox>
	</object>
</annotation>
