<annotation>
	<folder>data</folder>
	<filename>new_data_322.jpg</filename>
	<path>D:\DashboardGraphExtract\data\new_data_322.jpg</path>
	<source>
		<database>Unknown</database>
	</source>
	<size>
		<width>273</width>
		<height>185</height>
		<depth>3</depth>
	</size>
	<segmented>0</segmented>
	<object>
		<name>line_chart</name>
		<pose>Unspecified</pose>
		<truncated>0</truncated>
		<difficult>0</difficult>
		<bndbox>
			<xmin>59</xmin>
			<ymin>35</ymin>
			<xmax>251</xmax>
			<ymax>105</ymax>
		</bndbox>
	</object>
</annotation>
