<annotation>
	<folder>data</folder>
	<filename>new_data_92.jpg</filename>
	<path>D:\DashboardGraphExtract\data\new_data_92.jpg</path>
	<source>
		<database>Unknown</database>
	</source>
	<size>
		<width>1680</width>
		<height>1162</height>
		<depth>3</depth>
	</size>
	<segmented>0</segmented>
	<object>
		<name>bar_graph</name>
		<pose>Unspecified</pose>
		<truncated>0</truncated>
		<difficult>0</difficult>
		<bndbox>
			<xmin>817</xmin>
			<ymin>318</ymin>
			<xmax>976</xmax>
			<ymax>467</ymax>
		</bndbox>
	</object>
	<object>
		<name>area_chart</name>
		<pose>Unspecified</pose>
		<truncated>0</truncated>
		<difficult>0</difficult>
		<bndbox>
			<xmin>1292</xmin>
			<ymin>305</ymin>
			<xmax>1622</xmax>
			<ymax>449</ymax>
		</bndbox>
	</object>
	<object>
		<name>bar_graph</name>
		<pose>Unspecified</pose>
		<truncated>0</truncated>
		<difficult>0</difficult>
		<bndbox>
			<xmin>330</xmin>
			<ymin>605</ymin>
			<xmax>545</xmax>
			<ymax>872</ymax>
		</bndbox>
	</object>
	<object>
		<name>donut</name>
		<pose>Unspecified</pose>
		<truncated>0</truncated>
		<difficult>0</difficult>
		<bndbox>
			<xmin>362</xmin>
			<ymin>257</ymin>
			<xmax>561</xmax>
			<ymax>459</ymax>
		</bndbox>
	</object>
</annotation>
