<annotation>
	<folder>data</folder>
	<filename>new_data_95.jpg</filename>
	<path>D:\DashboardGraphExtract\data\new_data_95.jpg</path>
	<source>
		<database>Unknown</database>
	</source>
	<size>
		<width>735</width>
		<height>513</height>
		<depth>3</depth>
	</size>
	<segmented>0</segmented>
	<object>
		<name>bar_graph</name>
		<pose>Unspecified</pose>
		<truncated>0</truncated>
		<difficult>0</difficult>
		<bndbox>
			<xmin>40</xmin>
			<ymin>23</ymin>
			<xmax>212</xmax>
			<ymax>128</ymax>
		</bndbox>
	</object>
	<object>
		<name>bar_graph</name>
		<pose>Unspecified</pose>
		<truncated>0</truncated>
		<difficult>0</difficult>
		<bndbox>
			<xmin>532</xmin>
			<ymin>14</ymin>
			<xmax>704</xmax>
			<ymax>136</ymax>
		</bndbox>
	</object>
	<object>
		<name>bar_graph</name>
		<pose>Unspecified</pose>
		<truncated>0</truncated>
		<difficult>0</difficult>
		<bndbox>
			<xmin>283</xmin>
			<ymin>24</ymin>
			<xmax>464</xmax>
			<ymax>131</ymax>
		</bndbox>
	</object>
	<object>
		<name>bar_graph</name>
		<pose>Unspecified</pose>
		<truncated>0</truncated>
		<difficult>0</difficult>
		<bndbox>
			<xmin>285</xmin>
			<ymin>191</ymin>
			<xmax>459</xmax>
			<ymax>297</ymax>
		</bndbox>
	</object>
	<object>
		<name>bar_graph</name>
		<pose>Unspecified</pose>
		<truncated>0</truncated>
		<difficult>0</difficult>
		<bndbox>
			<xmin>39</xmin>
			<ymin>186</ymin>
			<xmax>197</xmax>
			<ymax>295</ymax>
		</bndbox>
	</object>
	<object>
		<name>bar_graph</name>
		<pose>Unspecified</pose>
		<truncated>0</truncated>
		<difficult>0</difficult>
		<bndbox>
			<xmin>37</xmin>
			<ymin>352</ymin>
			<xmax>186</xmax>
			<ymax>456</ymax>
		</bndbox>
	</object>
	<object>
		<name>bar_graph</name>
		<pose>Unspecified</pose>
		<truncated>0</truncated>
		<difficult>0</difficult>
		<bndbox>
			<xmin>393</xmin>
			<ymin>350</ymin>
			<xmax>575</xmax>
			<ymax>462</ymax>
		</bndbox>
	</object>
</annotation>
