<annotation>
	<folder>data</folder>
	<filename>new_data_177.jpg</filename>
	<path>D:\DashboardGraphExtract\data\new_data_177.jpg</path>
	<source>
		<database>Unknown</database>
	</source>
	<size>
		<width>843</width>
		<height>668</height>
		<depth>3</depth>
	</size>
	<segmented>0</segmented>
	<object>
		<name>pie_chart</name>
		<pose>Unspecified</pose>
		<truncated>0</truncated>
		<difficult>0</difficult>
		<bndbox>
			<xmin>235</xmin>
			<ymin>119</ymin>
			<xmax>670</xmax>
			<ymax>611</ymax>
		</bndbox>
	</object>
</annotation>
