<annotation>
	<folder>data</folder>
	<filename>new_data_170.jpg</filename>
	<path>D:\DashboardGraphExtract\data\new_data_170.jpg</path>
	<source>
		<database>Unknown</database>
	</source>
	<size>
		<width>1640</width>
		<height>1044</height>
		<depth>3</depth>
	</size>
	<segmented>0</segmented>
	<object>
		<name>bar_graph</name>
		<pose>Unspecified</pose>
		<truncated>0</truncated>
		<difficult>0</difficult>
		<bndbox>
			<xmin>257</xmin>
			<ymin>279</ymin>
			<xmax>1435</xmax>
			<ymax>783</ymax>
		</bndbox>
	</object>
</annotation>
