<annotation>
	<folder>data</folder>
	<filename>new_data_174.jpg</filename>
	<path>D:\DashboardGraphExtract\data\new_data_174.jpg</path>
	<source>
		<database>Unknown</database>
	</source>
	<size>
		<width>1200</width>
		<height>630</height>
		<depth>3</depth>
	</size>
	<segmented>0</segmented>
	<object>
		<name>donut</name>
		<pose>Unspecified</pose>
		<truncated>0</truncated>
		<difficult>0</difficult>
		<bndbox>
			<xmin>37</xmin>
			<ymin>29</ymin>
			<xmax>486</xmax>
			<ymax>482</ymax>
		</bndbox>
	</object>
</annotation>
