<annotation>
	<folder>data</folder>
	<filename>new_data_412.jpg</filename>
	<path>D:\DashboardGraphExtract\data\new_data_412.jpg</path>
	<source>
		<database>Unknown</database>
	</source>
	<size>
		<width>633</width>
		<height>472</height>
		<depth>3</depth>
	</size>
	<segmented>0</segmented>
	<object>
		<name>donut</name>
		<pose>Unspecified</pose>
		<truncated>0</truncated>
		<difficult>0</difficult>
		<bndbox>
			<xmin>167</xmin>
			<ymin>103</ymin>
			<xmax>462</xmax>
			<ymax>398</ymax>
		</bndbox>
	</object>
</annotation>
