<annotation>
	<folder>data</folder>
	<filename>new_data_144.jpg</filename>
	<path>D:\DashboardGraphExtract\data\new_data_144.jpg</path>
	<source>
		<database>Unknown</database>
	</source>
	<size>
		<width>600</width>
		<height>414</height>
		<depth>3</depth>
	</size>
	<segmented>0</segmented>
	<object>
		<name>pie_chart</name>
		<pose>Unspecified</pose>
		<truncated>0</truncated>
		<difficult>0</difficult>
		<bndbox>
			<xmin>200</xmin>
			<ymin>82</ymin>
			<xmax>415</xmax>
			<ymax>301</ymax>
		</bndbox>
	</object>
</annotation>
