<annotation>
	<folder>data</folder>
	<filename>new_data_70.jpg</filename>
	<path>D:\DashboardGraphExtract\data\new_data_70.jpg</path>
	<source>
		<database>Unknown</database>
	</source>
	<size>
		<width>1746</width>
		<height>1104</height>
		<depth>3</depth>
	</size>
	<segmented>0</segmented>
	<object>
		<name>pie_chart</name>
		<pose>Unspecified</pose>
		<truncated>0</truncated>
		<difficult>0</difficult>
		<bndbox>
			<xmin>673</xmin>
			<ymin>215</ymin>
			<xmax>1537</xmax>
			<ymax>1087</ymax>
		</bndbox>
	</object>
</annotation>
