<annotation>
	<folder>data</folder>
	<filename>new_data_35.jpg</filename>
	<path>D:\DashboardGraphExtract\data\new_data_35.jpg</path>
	<source>
		<database>Unknown</database>
	</source>
	<size>
		<width>593</width>
		<height>529</height>
		<depth>3</depth>
	</size>
	<segmented>0</segmented>
	<object>
		<name>area_chart</name>
		<pose>Unspecified</pose>
		<truncated>0</truncated>
		<difficult>0</difficult>
		<bndbox>
			<xmin>92</xmin>
			<ymin>270</ymin>
			<xmax>536</xmax>
			<ymax>446</ymax>
		</bndbox>
	</object>
</annotation>
