<annotation>
	<folder>data</folder>
	<filename>new_data_23.jpg</filename>
	<path>D:\DashboardGraphExtract\data\new_data_23.jpg</path>
	<source>
		<database>Unknown</database>
	</source>
	<size>
		<width>640</width>
		<height>416</height>
		<depth>3</depth>
	</size>
	<segmented>0</segmented>
	<object>
		<name>pie_chart</name>
		<pose>Unspecified</pose>
		<truncated>0</truncated>
		<difficult>0</difficult>
		<bndbox>
			<xmin>128</xmin>
			<ymin>29</ymin>
			<xmax>514</xmax>
			<ymax>410</ymax>
		</bndbox>
	</object>
</annotation>
