<annotation>
	<folder>data</folder>
	<filename>new_data_6.jpg</filename>
	<path>D:\DashboardGraphExtract\data\new_data_6.jpg</path>
	<source>
		<database>Unknown</database>
	</source>
	<size>
		<width>1397</width>
		<height>847</height>
		<depth>1</depth>
	</size>
	<segmented>0</segmented>
	<object>
		<name>line_chart</name>
		<pose>Unspecified</pose>
		<truncated>0</truncated>
		<difficult>0</difficult>
		<bndbox>
			<xmin>73</xmin>
			<ymin>218</ymin>
			<xmax>1202</xmax>
			<ymax>665</ymax>
		</bndbox>
	</object>
</annotation>
