<annotation>
	<folder>data</folder>
	<filename>new_data_235.jpg</filename>
	<path>D:\DashboardGraphExtract\data\new_data_235.jpg</path>
	<source>
		<database>Unknown</database>
	</source>
	<size>
		<width>1100</width>
		<height>446</height>
		<depth>3</depth>
	</size>
	<segmented>0</segmented>
	<object>
		<name>donut</name>
		<pose>Unspecified</pose>
		<truncated>0</truncated>
		<difficult>0</difficult>
		<bndbox>
			<xmin>52</xmin>
			<ymin>48</ymin>
			<xmax>369</xmax>
			<ymax>395</ymax>
		</bndbox>
	</object>
	<object>
		<name>donut</name>
		<pose>Unspecified</pose>
		<truncated>0</truncated>
		<difficult>0</difficult>
		<bndbox>
			<xmin>389</xmin>
			<ymin>59</ymin>
			<xmax>703</xmax>
			<ymax>400</ymax>
		</bndbox>
	</object>
	<object>
		<name>donut</name>
		<pose>Unspecified</pose>
		<truncated>0</truncated>
		<difficult>0</difficult>
		<bndbox>
			<xmin>748</xmin>
			<ymin>62</ymin>
			<xmax>1060</xmax>
			<ymax>397</ymax>
		</bndbox>
	</object>
</annotation>
