<annotation>
	<folder>data</folder>
	<filename>new_data_404.jpg</filename>
	<path>D:\DashboardGraphExtract\data\new_data_404.jpg</path>
	<source>
		<database>Unknown</database>
	</source>
	<size>
		<width>1600</width>
		<height>1600</height>
		<depth>3</depth>
	</size>
	<segmented>0</segmented>
	<object>
		<name>pie_chart</name>
		<pose>Unspecified</pose>
		<truncated>0</truncated>
		<difficult>0</difficult>
		<bndbox>
			<xmin>358</xmin>
			<ymin>410</ymin>
			<xmax>1257</xmax>
			<ymax>1320</ymax>
		</bndbox>
	</object>
</annotation>
