<annotation>
	<folder>data</folder>
	<filename>new_data_42.jpg</filename>
	<path>D:\DashboardGraphExtract\data\new_data_42.jpg</path>
	<source>
		<database>Unknown</database>
	</source>
	<size>
		<width>1344</width>
		<height>1344</height>
		<depth>3</depth>
	</size>
	<segmented>0</segmented>
	<object>
		<name>pie_chart</name>
		<pose>Unspecified</pose>
		<truncated>0</truncated>
		<difficult>0</difficult>
		<bndbox>
			<xmin>125</xmin>
			<ymin>174</ymin>
			<xmax>1130</xmax>
			<ymax>1174</ymax>
		</bndbox>
	</object>
</annotation>
