<annotation>
	<folder>data</folder>
	<filename>new_data_86.jpg</filename>
	<path>D:\DashboardGraphExtract\data\new_data_86.jpg</path>
	<source>
		<database>Unknown</database>
	</source>
	<size>
		<width>1007</width>
		<height>645</height>
		<depth>3</depth>
	</size>
	<segmented>0</segmented>
	<object>
		<name>donut</name>
		<pose>Unspecified</pose>
		<truncated>0</truncated>
		<difficult>0</difficult>
		<bndbox>
			<xmin>209</xmin>
			<ymin>26</ymin>
			<xmax>803</xmax>
			<ymax>624</ymax>
		</bndbox>
	</object>
</annotation>
