<annotation>
	<folder>data</folder>
	<filename>new_data_287.jpg</filename>
	<path>D:\DashboardGraphExtract\data\new_data_287.jpg</path>
	<source>
		<database>Unknown</database>
	</source>
	<size>
		<width>400</width>
		<height>225</height>
		<depth>3</depth>
	</size>
	<segmented>0</segmented>
	<object>
		<name>pie_chart</name>
		<pose>Unspecified</pose>
		<truncated>0</truncated>
		<difficult>0</difficult>
		<bndbox>
			<xmin>14</xmin>
			<ymin>22</ymin>
			<xmax>309</xmax>
			<ymax>213</ymax>
		</bndbox>
	</object>
</annotation>
