<annotation>
	<folder>data</folder>
	<filename>new_data_18.jpg</filename>
	<path>D:\DashboardGraphExtract\data\new_data_18.jpg</path>
	<source>
		<database>Unknown</database>
	</source>
	<size>
		<width>502</width>
		<height>502</height>
		<depth>3</depth>
	</size>
	<segmented>0</segmented>
	<object>
		<name>pie_chart</name>
		<pose>Unspecified</pose>
		<truncated>0</truncated>
		<difficult>0</difficult>
		<bndbox>
			<xmin>155</xmin>
			<ymin>164</ymin>
			<xmax>370</xmax>
			<ymax>377</ymax>
		</bndbox>
	</object>
</annotation>
