<annotation>
	<folder>data</folder>
	<filename>new_data_176.jpg</filename>
	<path>D:\DashboardGraphExtract\data\new_data_176.jpg</path>
	<source>
		<database>Unknown</database>
	</source>
	<size>
		<width>1436</width>
		<height>699</height>
		<depth>3</depth>
	</size>
	<segmented>0</segmented>
	<object>
		<name>area_chart</name>
		<pose>Unspecified</pose>
		<truncated>0</truncated>
		<difficult>0</difficult>
		<bndbox>
			<xmin>111</xmin>
			<ymin>130</ymin>
			<xmax>1262</xmax>
			<ymax>621</ymax>
		</bndbox>
	</object>
</annotation>
