<annotation>
	<folder>data</folder>
	<filename>new_data_388.jpg</filename>
	<path>D:\DashboardGraphExtract\data\new_data_388.jpg</path>
	<source>
		<database>Unknown</database>
	</source>
	<size>
		<width>960</width>
		<height>573</height>
		<depth>3</depth>
	</size>
	<segmented>0</segmented>
	<object>
		<name>pie_chart</name>
		<pose>Unspecified</pose>
		<truncated>0</truncated>
		<difficult>0</difficult>
		<bndbox>
			<xmin>342</xmin>
			<ymin>66</ymin>
			<xmax>780</xmax>
			<ymax>513</ymax>
		</bndbox>
	</object>
</annotation>
