<annotation>
	<folder>data</folder>
	<filename>new_data_189.jpg</filename>
	<path>D:\DashboardGraphExtract\data\new_data_189.jpg</path>
	<source>
		<database>Unknown</database>
	</source>
	<size>
		<width>686</width>
		<height>312</height>
		<depth>3</depth>
	</size>
	<segmented>0</segmented>
	<object>
		<name>area_chart</name>
		<pose>Unspecified</pose>
		<truncated>0</truncated>
		<difficult>0</difficult>
		<bndbox>
			<xmin>594</xmin>
			<ymin>65</ymin>
			<xmax>668</xmax>
			<ymax>123</ymax>
		</bndbox>
	</object>
	<object>
		<name>bar_graph</name>
		<pose>Unspecified</pose>
		<truncated>0</truncated>
		<difficult>0</difficult>
		<bndbox>
			<xmin>140</xmin>
			<ymin>60</ymin>
			<xmax>208</xmax>
			<ymax>123</ymax>
		</bndbox>
	</object>
	<object>
		<name>bar_graph</name>
		<pose>Unspecified</pose>
		<truncated>0</truncated>
		<difficult>0</difficult>
		<bndbox>
			<xmin>37</xmin>
			<ymin>45</ymin>
			<xmax>104</xmax>
			<ymax>122</ymax>
		</bndbox>
	</object>
	<object>
		<name>pie_chart</name>
		<pose>Unspecified</pose>
		<truncated>0</truncated>
		<difficult>0</difficult>
		<bndbox>
			<xmin>250</xmin>
			<ymin>41</ymin>
			<xmax>331</xmax>
			<ymax>121</ymax>
		</bndbox>
	</object>
	<object>
		<name>donut</name>
		<pose>Unspecified</pose>
		<truncated>0</truncated>
		<difficult>0</difficult>
		<bndbox>
			<xmin>367</xmin>
			<ymin>37</ymin>
			<xmax>446</xmax>
			<ymax>125</ymax>
		</bndbox>
	</object>
	<object>
		<name>line_chart</name>
		<pose>Unspecified</pose>
		<truncated>0</truncated>
		<difficult>0</difficult>
		<bndbox>
			<xmin>485</xmin>
			<ymin>64</ymin>
			<xmax>564</xmax>
			<ymax>114</ymax>
		</bndbox>
	</object>
</annotation>
