<annotation>
	<folder>data</folder>
	<filename>new_data_201.jpg</filename>
	<path>D:\DashboardGraphExtract\data\new_data_201.jpg</path>
	<source>
		<database>Unknown</database>
	</source>
	<size>
		<width>693</width>
		<height>800</height>
		<depth>3</depth>
	</size>
	<segmented>0</segmented>
	<object>
		<name>area_chart</name>
		<pose>Unspecified</pose>
		<truncated>0</truncated>
		<difficult>0</difficult>
		<bndbox>
			<xmin>424</xmin>
			<ymin>98</ymin>
			<xmax>618</xmax>
			<ymax>290</ymax>
		</bndbox>
	</object>
	<object>
		<name>line_chart</name>
		<pose>Unspecified</pose>
		<truncated>0</truncated>
		<difficult>0</difficult>
		<bndbox>
			<xmin>81</xmin>
			<ymin>103</ymin>
			<xmax>297</xmax>
			<ymax>218</ymax>
		</bndbox>
	</object>
	<object>
		<name>line_chart</name>
		<pose>Unspecified</pose>
		<truncated>0</truncated>
		<difficult>0</difficult>
		<bndbox>
			<xmin>90</xmin>
			<ymin>472</ymin>
			<xmax>629</xmax>
			<ymax>623</ymax>
		</bndbox>
	</object>
</annotation>
