<annotation>
	<folder>data</folder>
	<filename>new_data_241.jpg</filename>
	<path>D:\DashboardGraphExtract\data\new_data_241.jpg</path>
	<source>
		<database>Unknown</database>
	</source>
	<size>
		<width>671</width>
		<height>650</height>
		<depth>3</depth>
	</size>
	<segmented>0</segmented>
	<object>
		<name>donut</name>
		<pose>Unspecified</pose>
		<truncated>0</truncated>
		<difficult>0</difficult>
		<bndbox>
			<xmin>130</xmin>
			<ymin>140</ymin>
			<xmax>534</xmax>
			<ymax>544</ymax>
		</bndbox>
	</object>
</annotation>
