<annotation>
	<folder>data</folder>
	<filename>new_data_272.jpg</filename>
	<path>D:\DashboardGraphExtract\data\new_data_272.jpg</path>
	<source>
		<database>Unknown</database>
	</source>
	<size>
		<width>421</width>
		<height>421</height>
		<depth>3</depth>
	</size>
	<segmented>0</segmented>
	<object>
		<name>line_chart</name>
		<pose>Unspecified</pose>
		<truncated>0</truncated>
		<difficult>0</difficult>
		<bndbox>
			<xmin>75</xmin>
			<ymin>53</ymin>
			<xmax>340</xmax>
			<ymax>167</ymax>
		</bndbox>
	</object>
</annotation>
