<annotation>
	<folder>data</folder>
	<filename>new_data_137.jpg</filename>
	<path>D:\DashboardGraphExtract\data\new_data_137.jpg</path>
	<source>
		<database>Unknown</database>
	</source>
	<size>
		<width>1280</width>
		<height>720</height>
		<depth>3</depth>
	</size>
	<segmented>0</segmented>
	<object>
		<name>donut</name>
		<pose>Unspecified</pose>
		<truncated>0</truncated>
		<difficult>0</difficult>
		<bndbox>
			<xmin>756</xmin>
			<ymin>203</ymin>
			<xmax>1158</xmax>
			<ymax>603</ymax>
		</bndbox>
	</object>
	<object>
		<name>pie_chart</name>
		<pose>Unspecified</pose>
		<truncated>0</truncated>
		<difficult>0</difficult>
		<bndbox>
			<xmin>92</xmin>
			<ymin>198</ymin>
			<xmax>498</xmax>
			<ymax>626</ymax>
		</bndbox>
	</object>
</annotation>
