<annotation>
	<folder>data</folder>
	<filename>new_data_228.jpg</filename>
	<path>D:\DashboardGraphExtract\data\new_data_228.jpg</path>
	<source>
		<database>Unknown</database>
	</source>
	<size>
		<width>1064</width>
		<height>652</height>
		<depth>3</depth>
	</size>
	<segmented>0</segmented>
	<object>
		<name>donut</name>
		<pose>Unspecified</pose>
		<truncated>0</truncated>
		<difficult>0</difficult>
		<bndbox>
			<xmin>248</xmin>
			<ymin>61</ymin>
			<xmax>800</xmax>
			<ymax>598</ymax>
		</bndbox>
	</object>
</annotation>
