<annotation>
	<folder>data</folder>
	<filename>new_data_393.jpg</filename>
	<path>D:\DashboardGraphExtract\data\new_data_393.jpg</path>
	<source>
		<database>Unknown</database>
	</source>
	<size>
		<width>750</width>
		<height>427</height>
		<depth>3</depth>
	</size>
	<segmented>0</segmented>
	<object>
		<name>pie_chart</name>
		<pose>Unspecified</pose>
		<truncated>0</truncated>
		<difficult>0</difficult>
		<bndbox>
			<xmin>122</xmin>
			<ymin>116</ymin>
			<xmax>395</xmax>
			<ymax>387</ymax>
		</bndbox>
	</object>
</annotation>
