<annotation>
	<folder>data</folder>
	<filename>new_data_167.jpg</filename>
	<path>D:\DashboardGraphExtract\data\new_data_167.jpg</path>
	<source>
		<database>Unknown</database>
	</source>
	<size>
		<width>726</width>
		<height>508</height>
		<depth>3</depth>
	</size>
	<segmented>0</segmented>
	<object>
		<name>pie_chart</name>
		<pose>Unspecified</pose>
		<truncated>0</truncated>
		<difficult>0</difficult>
		<bndbox>
			<xmin>396</xmin>
			<ymin>200</ymin>
			<xmax>625</xmax>
			<ymax>430</ymax>
		</bndbox>
	</object>
	<object>
		<name>pie_chart</name>
		<pose>Unspecified</pose>
		<truncated>0</truncated>
		<difficult>0</difficult>
		<bndbox>
			<xmin>46</xmin>
			<ymin>200</ymin>
			<xmax>269</xmax>
			<ymax>430</ymax>
		</bndbox>
	</object>
</annotation>
