<annotation>
	<folder>data</folder>
	<filename>new_data_267.jpg</filename>
	<path>D:\DashboardGraphExtract\data\new_data_267.jpg</path>
	<source>
		<database>Unknown</database>
	</source>
	<size>
		<width>659</width>
		<height>361</height>
		<depth>3</depth>
	</size>
	<segmented>0</segmented>
	<object>
		<name>line_chart</name>
		<pose>Unspecified</pose>
		<truncated>0</truncated>
		<difficult>0</difficult>
		<bndbox>
			<xmin>98</xmin>
			<ymin>74</ymin>
			<xmax>544</xmax>
			<ymax>222</ymax>
		</bndbox>
	</object>
</annotation>
