<annotation>
	<folder>data</folder>
	<filename>new_data_309.jpg</filename>
	<path>D:\DashboardGraphExtract\data\new_data_309.jpg</path>
	<source>
		<database>Unknown</database>
	</source>
	<size>
		<width>280</width>
		<height>180</height>
		<depth>3</depth>
	</size>
	<segmented>0</segmented>
	<object>
		<name>area_chart</name>
		<pose>Unspecified</pose>
		<truncated>0</truncated>
		<difficult>0</difficult>
		<bndbox>
			<xmin>9</xmin>
			<ymin>29</ymin>
			<xmax>204</xmax>
			<ymax>154</ymax>
		</bndbox>
	</object>
</annotation>
