<annotation>
	<folder>data</folder>
	<filename>new_data_193.jpg</filename>
	<path>D:\DashboardGraphExtract\data\new_data_193.jpg</path>
	<source>
		<database>Unknown</database>
	</source>
	<size>
		<width>640</width>
		<height>640</height>
		<depth>3</depth>
	</size>
	<segmented>0</segmented>
	<object>
		<name>line_chart</name>
		<pose>Unspecified</pose>
		<truncated>0</truncated>
		<difficult>0</difficult>
		<bndbox>
			<xmin>96</xmin>
			<ymin>154</ymin>
			<xmax>561</xmax>
			<ymax>432</ymax>
		</bndbox>
	</object>
</annotation>
