<annotation>
	<folder>data</folder>
	<filename>new_data_382.jpg</filename>
	<path>D:\DashboardGraphExtract\data\new_data_382.jpg</path>
	<source>
		<database>Unknown</database>
	</source>
	<size>
		<width>800</width>
		<height>600</height>
		<depth>3</depth>
	</size>
	<segmented>0</segmented>
	<object>
		<name>donut</name>
		<pose>Unspecified</pose>
		<truncated>0</truncated>
		<difficult>0</difficult>
		<bndbox>
			<xmin>184</xmin>
			<ymin>84</ymin>
			<xmax>610</xmax>
			<ymax>516</ymax>
		</bndbox>
	</object>
</annotation>
