<annotation>
	<folder>data</folder>
	<filename>new_data_273.jpg</filename>
	<path>D:\DashboardGraphExtract\data\new_data_273.jpg</path>
	<source>
		<database>Unknown</database>
	</source>
	<size>
		<width>775</width>
		<height>622</height>
		<depth>3</depth>
	</size>
	<segmented>0</segmented>
	<object>
		<name>line_chart</name>
		<pose>Unspecified</pose>
		<truncated>0</truncated>
		<difficult>0</difficult>
		<bndbox>
			<xmin>399</xmin>
			<ymin>344</ymin>
			<xmax>679</xmax>
			<ymax>412</ymax>
		</bndbox>
	</object>
	<object>
		<name>line_chart</name>
		<pose>Unspecified</pose>
		<truncated>0</truncated>
		<difficult>0</difficult>
		<bndbox>
			<xmin>401</xmin>
			<ymin>419</ymin>
			<xmax>684</xmax>
			<ymax>487</ymax>
		</bndbox>
	</object>
	<object>
		<name>line_chart</name>
		<pose>Unspecified</pose>
		<truncated>0</truncated>
		<difficult>0</difficult>
		<bndbox>
			<xmin>398</xmin>
			<ymin>480</ymin>
			<xmax>687</xmax>
			<ymax>542</ymax>
		</bndbox>
	</object>
	<object>
		<name>line_chart</name>
		<pose>Unspecified</pose>
		<truncated>0</truncated>
		<difficult>0</difficult>
		<bndbox>
			<xmin>398</xmin>
			<ymin>537</ymin>
			<xmax>677</xmax>
			<ymax>592</ymax>
		</bndbox>
	</object>
	<object>
		<name>bar_graph</name>
		<pose>Unspecified</pose>
		<truncated>1</truncated>
		<difficult>0</difficult>
		<bndbox>
			<xmin>48</xmin>
			<ymin>382</ymin>
			<xmax>319</xmax>
			<ymax>622</ymax>
		</bndbox>
	</object>
	<object>
		<name>area_chart</name>
		<pose>Unspecified</pose>
		<truncated>0</truncated>
		<difficult>0</difficult>
		<bndbox>
			<xmin>37</xmin>
			<ymin>48</ymin>
			<xmax>308</xmax>
			<ymax>286</ymax>
		</bndbox>
	</object>
</annotation>
