<annotation>
	<folder>data</folder>
	<filename>new_data_41.jpg</filename>
	<path>D:\DashboardGraphExtract\data\new_data_41.jpg</path>
	<source>
		<database>Unknown</database>
	</source>
	<size>
		<width>680</width>
		<height>717</height>
		<depth>3</depth>
	</size>
	<segmented>0</segmented>
	<object>
		<name>pie_chart</name>
		<pose>Unspecified</pose>
		<truncated>0</truncated>
		<difficult>0</difficult>
		<bndbox>
			<xmin>173</xmin>
			<ymin>177</ymin>
			<xmax>507</xmax>
			<ymax>522</ymax>
		</bndbox>
	</object>
</annotation>
