<annotation>
	<folder>data</folder>
	<filename>new_data_7.jpg</filename>
	<path>D:\DashboardGraphExtract\data\new_data_7.jpg</path>
	<source>
		<database>Unknown</database>
	</source>
	<size>
		<width>616</width>
		<height>330</height>
		<depth>3</depth>
	</size>
	<segmented>0</segmented>
	<object>
		<name>pie_chart</name>
		<pose>Unspecified</pose>
		<truncated>0</truncated>
		<difficult>0</difficult>
		<bndbox>
			<xmin>206</xmin>
			<ymin>83</ymin>
			<xmax>416</xmax>
			<ymax>299</ymax>
		</bndbox>
	</object>
</annotation>
