<annotation>
	<folder>data</folder>
	<filename>new_data_389.jpg</filename>
	<path>D:\DashboardGraphExtract\data\new_data_389.jpg</path>
	<source>
		<database>Unknown</database>
	</source>
	<size>
		<width>671</width>
		<height>290</height>
		<depth>3</depth>
	</size>
	<segmented>0</segmented>
	<object>
		<name>pie_chart</name>
		<pose>Unspecified</pose>
		<truncated>0</truncated>
		<difficult>0</difficult>
		<bndbox>
			<xmin>98</xmin>
			<ymin>27</ymin>
			<xmax>333</xmax>
			<ymax>268</ymax>
		</bndbox>
	</object>
</annotation>
