<annotation>
	<folder>data</folder>
	<filename>new_data_338.jpg</filename>
	<path>D:\DashboardGraphExtract\data\new_data_338.jpg</path>
	<source>
		<database>Unknown</database>
	</source>
	<size>
		<width>1256</width>
		<height>750</height>
		<depth>3</depth>
	</size>
	<segmented>0</segmented>
	<object>
		<name>line_chart</name>
		<pose>Unspecified</pose>
		<truncated>0</truncated>
		<difficult>0</difficult>
		<bndbox>
			<xmin>211</xmin>
			<ymin>222</ymin>
			<xmax>1111</xmax>
			<ymax>478</ymax>
		</bndbox>
	</object>
</annotation>
