<annotation>
	<folder>data</folder>
	<filename>new_data_74.jpg</filename>
	<path>D:\DashboardGraphExtract\data\new_data_74.jpg</path>
	<source>
		<database>Unknown</database>
	</source>
	<size>
		<width>370</width>
		<height>266</height>
		<depth>3</depth>
	</size>
	<segmented>0</segmented>
	<object>
		<name>donut</name>
		<pose>Unspecified</pose>
		<truncated>0</truncated>
		<difficult>0</difficult>
		<bndbox>
			<xmin>82</xmin>
			<ymin>38</ymin>
			<xmax>292</xmax>
			<ymax>247</ymax>
		</bndbox>
	</object>
</annotation>
