<annotation>
	<folder>data</folder>
	<filename>new_data_295.jpg</filename>
	<path>D:\DashboardGraphExtract\data\new_data_295.jpg</path>
	<source>
		<database>Unknown</database>
	</source>
	<size>
		<width>251</width>
		<height>201</height>
		<depth>3</depth>
	</size>
	<segmented>0</segmented>
	<object>
		<name>pie_chart</name>
		<pose>Unspecified</pose>
		<truncated>0</truncated>
		<difficult>0</difficult>
		<bndbox>
			<xmin>34</xmin>
			<ymin>30</ymin>
			<xmax>166</xmax>
			<ymax>168</ymax>
		</bndbox>
	</object>
</annotation>
