<annotation>
	<folder>data</folder>
	<filename>new_data_237.jpg</filename>
	<path>D:\DashboardGraphExtract\data\new_data_237.jpg</path>
	<source>
		<database>Unknown</database>
	</source>
	<size>
		<width>753</width>
		<height>488</height>
		<depth>3</depth>
	</size>
	<segmented>0</segmented>
	<object>
		<name>bar_graph</name>
		<pose>Unspecified</pose>
		<truncated>0</truncated>
		<difficult>0</difficult>
		<bndbox>
			<xmin>85</xmin>
			<ymin>86</ymin>
			<xmax>601</xmax>
			<ymax>446</ymax>
		</bndbox>
	</object>
</annotation>
