<annotation>
	<folder>data</folder>
	<filename>new_data_354.jpg</filename>
	<path>D:\DashboardGraphExtract\data\new_data_354.jpg</path>
	<source>
		<database>Unknown</database>
	</source>
	<size>
		<width>1440</width>
		<height>1080</height>
		<depth>3</depth>
	</size>
	<segmented>0</segmented>
	<object>
		<name>pie_chart</name>
		<pose>Unspecified</pose>
		<truncated>0</truncated>
		<difficult>0</difficult>
		<bndbox>
			<xmin>438</xmin>
			<ymin>321</ymin>
			<xmax>990</xmax>
			<ymax>870</ymax>
		</bndbox>
	</object>
</annotation>
