<annotation>
	<folder>data</folder>
	<filename>new_data_181.jpg</filename>
	<path>D:\DashboardGraphExtract\data\new_data_181.jpg</path>
	<source>
		<database>Unknown</database>
	</source>
	<size>
		<width>768</width>
		<height>432</height>
		<depth>3</depth>
	</size>
	<segmented>0</segmented>
	<object>
		<name>line_chart</name>
		<pose>Unspecified</pose>
		<truncated>0</truncated>
		<difficult>0</difficult>
		<bndbox>
			<xmin>201</xmin>
			<ymin>108</ymin>
			<xmax>609</xmax>
			<ymax>391</ymax>
		</bndbox>
	</object>
</annotation>
