<annotation>
	<folder>data</folder>
	<filename>new_data_125.jpg</filename>
	<path>D:\DashboardGraphExtract\data\new_data_125.jpg</path>
	<source>
		<database>Unknown</database>
	</source>
	<size>
		<width>525</width>
		<height>311</height>
		<depth>3</depth>
	</size>
	<segmented>0</segmented>
	<object>
		<name>line_chart</name>
		<pose>Unspecified</pose>
		<truncated>0</truncated>
		<difficult>0</difficult>
		<bndbox>
			<xmin>76</xmin>
			<ymin>65</ymin>
			<xmax>387</xmax>
			<ymax>257</ymax>
		</bndbox>
	</object>
</annotation>
