<annotation>
	<folder>data</folder>
	<filename>new_data_274.jpg</filename>
	<path>D:\DashboardGraphExtract\data\new_data_274.jpg</path>
	<source>
		<database>Unknown</database>
	</source>
	<size>
		<width>826</width>
		<height>259</height>
		<depth>3</depth>
	</size>
	<segmented>0</segmented>
	<object>
		<name>bar_graph</name>
		<pose>Unspecified</pose>
		<truncated>0</truncated>
		<difficult>0</difficult>
		<bndbox>
			<xmin>88</xmin>
			<ymin>11</ymin>
			<xmax>364</xmax>
			<ymax>235</ymax>
		</bndbox>
	</object>
	<object>
		<name>bar_graph</name>
		<pose>Unspecified</pose>
		<truncated>0</truncated>
		<difficult>0</difficult>
		<bndbox>
			<xmin>528</xmin>
			<ymin>17</ymin>
			<xmax>817</xmax>
			<ymax>222</ymax>
		</bndbox>
	</object>
</annotation>
