<annotation>
	<folder>data</folder>
	<filename>new_data_353.jpg</filename>
	<path>D:\DashboardGraphExtract\data\new_data_353.jpg</path>
	<source>
		<database>Unknown</database>
	</source>
	<size>
		<width>750</width>
		<height>514</height>
		<depth>3</depth>
	</size>
	<segmented>0</segmented>
	<object>
		<name>pie_chart</name>
		<pose>Unspecified</pose>
		<truncated>0</truncated>
		<difficult>0</difficult>
		<bndbox>
			<xmin>194</xmin>
			<ymin>56</ymin>
			<xmax>584</xmax>
			<ymax>438</ymax>
		</bndbox>
	</object>
</annotation>
