<annotation>
	<folder>data</folder>
	<filename>new_data_265.jpg</filename>
	<path>D:\DashboardGraphExtract\data\new_data_265.jpg</path>
	<source>
		<database>Unknown</database>
	</source>
	<size>
		<width>400</width>
		<height>225</height>
		<depth>3</depth>
	</size>
	<segmented>0</segmented>
	<object>
		<name>area_chart</name>
		<pose>Unspecified</pose>
		<truncated>0</truncated>
		<difficult>0</difficult>
		<bndbox>
			<xmin>46</xmin>
			<ymin>62</ymin>
			<xmax>317</xmax>
			<ymax>180</ymax>
		</bndbox>
	</object>
</annotation>
