<annotation>
	<folder>data</folder>
	<filename>new_data_257.jpg</filename>
	<path>D:\DashboardGraphExtract\data\new_data_257.jpg</path>
	<source>
		<database>Unknown</database>
	</source>
	<size>
		<width>791</width>
		<height>844</height>
		<depth>3</depth>
	</size>
	<segmented>0</segmented>
	<object>
		<name>pie_chart</name>
		<pose>Unspecified</pose>
		<truncated>0</truncated>
		<difficult>0</difficult>
		<bndbox>
			<xmin>138</xmin>
			<ymin>137</ymin>
			<xmax>653</xmax>
			<ymax>654</ymax>
		</bndbox>
	</object>
</annotation>
