<annotation>
	<folder>data</folder>
	<filename>new_data_288.jpg</filename>
	<path>D:\DashboardGraphExtract\data\new_data_288.jpg</path>
	<source>
		<database>Unknown</database>
	</source>
	<size>
		<width>504</width>
		<height>319</height>
		<depth>3</depth>
	</size>
	<segmented>0</segmented>
	<object>
		<name>pie_chart</name>
		<pose>Unspecified</pose>
		<truncated>0</truncated>
		<difficult>0</difficult>
		<bndbox>
			<xmin>111</xmin>
			<ymin>64</ymin>
			<xmax>282</xmax>
			<ymax>235</ymax>
		</bndbox>
	</object>
</annotation>
