<annotation>
	<folder>data</folder>
	<filename>new_data_299.jpg</filename>
	<path>D:\DashboardGraphExtract\data\new_data_299.jpg</path>
	<source>
		<database>Unknown</database>
	</source>
	<size>
		<width>240</width>
		<height>210</height>
		<depth>3</depth>
	</size>
	<segmented>0</segmented>
	<object>
		<name>donut</name>
		<pose>Unspecified</pose>
		<truncated>0</truncated>
		<difficult>0</difficult>
		<bndbox>
			<xmin>65</xmin>
			<ymin>46</ymin>
			<xmax>177</xmax>
			<ymax>160</ymax>
		</bndbox>
	</object>
</annotation>
