<annotation>
	<folder>data</folder>
	<filename>new_data_264.jpg</filename>
	<path>D:\DashboardGraphExtract\data\new_data_264.jpg</path>
	<source>
		<database>Unknown</database>
	</source>
	<size>
		<width>579</width>
		<height>507</height>
		<depth>3</depth>
	</size>
	<segmented>0</segmented>
	<object>
		<name>pie_chart</name>
		<pose>Unspecified</pose>
		<truncated>0</truncated>
		<difficult>0</difficult>
		<bndbox>
			<xmin>38</xmin>
			<ymin>86</ymin>
			<xmax>428</xmax>
			<ymax>483</ymax>
		</bndbox>
	</object>
</annotation>
