<annotation>
	<folder>data</folder>
	<filename>new_data_271.jpg</filename>
	<path>D:\DashboardGraphExtract\data\new_data_271.jpg</path>
	<source>
		<database>Unknown</database>
	</source>
	<size>
		<width>1504</width>
		<height>836</height>
		<depth>3</depth>
	</size>
	<segmented>0</segmented>
	<object>
		<name>bar_graph</name>
		<pose>Unspecified</pose>
		<truncated>0</truncated>
		<difficult>0</difficult>
		<bndbox>
			<xmin>193</xmin>
			<ymin>124</ymin>
			<xmax>1249</xmax>
			<ymax>800</ymax>
		</bndbox>
	</object>
</annotation>
