<annotation>
	<folder>data</folder>
	<filename>new_data_123.jpg</filename>
	<path>D:\DashboardGraphExtract\data\new_data_123.jpg</path>
	<source>
		<database>Unknown</database>
	</source>
	<size>
		<width>428</width>
		<height>268</height>
		<depth>3</depth>
	</size>
	<segmented>0</segmented>
	<object>
		<name>donut</name>
		<pose>Unspecified</pose>
		<truncated>0</truncated>
		<difficult>0</difficult>
		<bndbox>
			<xmin>58</xmin>
			<ymin>66</ymin>
			<xmax>231</xmax>
			<ymax>236</ymax>
		</bndbox>
	</object>
</annotation>
