<annotation>
	<folder>data</folder>
	<filename>new_data_10.jpg</filename>
	<path>D:\DashboardGraphExtract\data\new_data_10.jpg</path>
	<source>
		<database>Unknown</database>
	</source>
	<size>
		<width>504</width>
		<height>504</height>
		<depth>3</depth>
	</size>
	<segmented>0</segmented>
	<object>
		<name>bar_graph</name>
		<pose>Unspecified</pose>
		<truncated>0</truncated>
		<difficult>0</difficult>
		<bndbox>
			<xmin>59</xmin>
			<ymin>46</ymin>
			<xmax>462</xmax>
			<ymax>467</ymax>
		</bndbox>
	</object>
</annotation>
