<annotation>
	<folder>data</folder>
	<filename>new_data_359.jpg</filename>
	<path>D:\DashboardGraphExtract\data\new_data_359.jpg</path>
	<source>
		<database>Unknown</database>
	</source>
	<size>
		<width>723</width>
		<height>300</height>
		<depth>3</depth>
	</size>
	<segmented>0</segmented>
	<object>
		<name>line_chart</name>
		<pose>Unspecified</pose>
		<truncated>1</truncated>
		<difficult>0</difficult>
		<bndbox>
			<xmin>74</xmin>
			<ymin>50</ymin>
			<xmax>723</xmax>
			<ymax>132</ymax>
		</bndbox>
	</object>
</annotation>
