<annotation>
	<folder>data</folder>
	<filename>new_data_96.jpg</filename>
	<path>D:\DashboardGraphExtract\data\new_data_96.jpg</path>
	<source>
		<database>Unknown</database>
	</source>
	<size>
		<width>728</width>
		<height>590</height>
		<depth>3</depth>
	</size>
	<segmented>0</segmented>
	<object>
		<name>bar_graph</name>
		<pose>Unspecified</pose>
		<truncated>0</truncated>
		<difficult>0</difficult>
		<bndbox>
			<xmin>120</xmin>
			<ymin>205</ymin>
			<xmax>491</xmax>
			<ymax>475</ymax>
		</bndbox>
	</object>
</annotation>
