<annotation>
	<folder>data</folder>
	<filename>new_data_110.jpg</filename>
	<path>D:\DashboardGraphExtract\data\new_data_110.jpg</path>
	<source>
		<database>Unknown</database>
	</source>
	<size>
		<width>667</width>
		<height>385</height>
		<depth>3</depth>
	</size>
	<segmented>0</segmented>
	<object>
		<name>pie_chart</name>
		<pose>Unspecified</pose>
		<truncated>0</truncated>
		<difficult>0</difficult>
		<bndbox>
			<xmin>208</xmin>
			<ymin>70</ymin>
			<xmax>457</xmax>
			<ymax>317</ymax>
		</bndbox>
	</object>
</annotation>
