<annotation>
	<folder>data</folder>
	<filename>new_data_168.jpg</filename>
	<path>D:\DashboardGraphExtract\data\new_data_168.jpg</path>
	<source>
		<database>Unknown</database>
	</source>
	<size>
		<width>1053</width>
		<height>422</height>
		<depth>3</depth>
	</size>
	<segmented>0</segmented>
	<object>
		<name>pie_chart</name>
		<pose>Unspecified</pose>
		<truncated>0</truncated>
		<difficult>0</difficult>
		<bndbox>
			<xmin>567</xmin>
			<ymin>51</ymin>
			<xmax>931</xmax>
			<ymax>412</ymax>
		</bndbox>
	</object>
	<object>
		<name>pie_chart</name>
		<pose>Unspecified</pose>
		<truncated>0</truncated>
		<difficult>0</difficult>
		<bndbox>
			<xmin>6</xmin>
			<ymin>48</ymin>
			<xmax>376</xmax>
			<ymax>410</ymax>
		</bndbox>
	</object>
</annotation>
