<annotation>
	<folder>data</folder>
	<filename>new_data_324.jpg</filename>
	<path>D:\DashboardGraphExtract\data\new_data_324.jpg</path>
	<source>
		<database>Unknown</database>
	</source>
	<size>
		<width>220</width>
		<height>229</height>
		<depth>3</depth>
	</size>
	<segmented>0</segmented>
	<object>
		<name>pie_chart</name>
		<pose>Unspecified</pose>
		<truncated>0</truncated>
		<difficult>0</difficult>
		<bndbox>
			<xmin>53</xmin>
			<ymin>69</ymin>
			<xmax>184</xmax>
			<ymax>196</ymax>
		</bndbox>
	</object>
</annotation>
