<annotation>
	<folder>data</folder>
	<filename>new_data_290.jpg</filename>
	<path>D:\DashboardGraphExtract\data\new_data_290.jpg</path>
	<source>
		<database>Unknown</database>
	</source>
	<size>
		<width>1433</width>
		<height>860</height>
		<depth>3</depth>
	</size>
	<segmented>0</segmented>
	<object>
		<name>pie_chart</name>
		<pose>Unspecified</pose>
		<truncated>0</truncated>
		<difficult>0</difficult>
		<bndbox>
			<xmin>404</xmin>
			<ymin>191</ymin>
			<xmax>1046</xmax>
			<ymax>834</ymax>
		</bndbox>
	</object>
</annotation>
