<annotation>
	<folder>data</folder>
	<filename>new_data_239.jpg</filename>
	<path>D:\DashboardGraphExtract\data\new_data_239.jpg</path>
	<source>
		<database>Unknown</database>
	</source>
	<size>
		<width>799</width>
		<height>449</height>
		<depth>3</depth>
	</size>
	<segmented>0</segmented>
	<object>
		<name>donut</name>
		<pose>Unspecified</pose>
		<truncated>0</truncated>
		<difficult>0</difficult>
		<bndbox>
			<xmin>239</xmin>
			<ymin>70</ymin>
			<xmax>592</xmax>
			<ymax>428</ymax>
		</bndbox>
	</object>
</annotation>
