<annotation>
	<folder>data</folder>
	<filename>new_data_36.jpg</filename>
	<path>D:\DashboardGraphExtract\data\new_data_36.jpg</path>
	<source>
		<database>Unknown</database>
	</source>
	<size>
		<width>421</width>
		<height>259</height>
		<depth>3</depth>
	</size>
	<segmented>0</segmented>
	<object>
		<name>area_chart</name>
		<pose>Unspecified</pose>
		<truncated>0</truncated>
		<difficult>0</difficult>
		<bndbox>
			<xmin>40</xmin>
			<ymin>36</ymin>
			<xmax>334</xmax>
			<ymax>224</ymax>
		</bndbox>
	</object>
</annotation>
