<annotation>
	<folder>data</folder>
	<filename>new_data_2.jpg</filename>
	<path>D:\DashboardGraphExtract\data\new_data_2.jpg</path>
	<source>
		<database>Unknown</database>
	</source>
	<size>
		<width>1410</width>
		<height>1155</height>
		<depth>3</depth>
	</size>
	<segmented>0</segmented>
	<object>
		<name>donut</name>
		<pose>Unspecified</pose>
		<truncated>0</truncated>
		<difficult>0</difficult>
		<bndbox>
			<xmin>293</xmin>
			<ymin>427</ymin>
			<xmax>928</xmax>
			<ymax>1059</ymax>
		</bndbox>
	</object>
</annotation>
