<annotation>
	<folder>data</folder>
	<filename>new_data_53.jpg</filename>
	<path>D:\DashboardGraphExtract\data\new_data_53.jpg</path>
	<source>
		<database>Unknown</database>
	</source>
	<size>
		<width>825</width>
		<height>488</height>
		<depth>3</depth>
	</size>
	<segmented>0</segmented>
	<object>
		<name>line_chart</name>
		<pose>Unspecified</pose>
		<truncated>0</truncated>
		<difficult>0</difficult>
		<bndbox>
			<xmin>91</xmin>
			<ymin>93</ymin>
			<xmax>781</xmax>
			<ymax>311</ymax>
		</bndbox>
	</object>
</annotation>
