<annotation>
	<folder>data</folder>
	<filename>new_data_348.jpg</filename>
	<path>D:\DashboardGraphExtract\data\new_data_348.jpg</path>
	<source>
		<database>Unknown</database>
	</source>
	<size>
		<width>1451</width>
		<height>1165</height>
		<depth>3</depth>
	</size>
	<segmented>0</segmented>
	<object>
		<name>line_chart</name>
		<pose>Unspecified</pose>
		<truncated>0</truncated>
		<difficult>0</difficult>
		<bndbox>
			<xmin>357</xmin>
			<ymin>376</ymin>
			<xmax>1234</xmax>
			<ymax>764</ymax>
		</bndbox>
	</object>
</annotation>
