<annotation>
	<folder>data</folder>
	<filename>new_data_121.jpg</filename>
	<path>D:\DashboardGraphExtract\data\new_data_121.jpg</path>
	<source>
		<database>Unknown</database>
	</source>
	<size>
		<width>1727</width>
		<height>1021</height>
		<depth>3</depth>
	</size>
	<segmented>0</segmented>
	<object>
		<name>area_chart</name>
		<pose>Unspecified</pose>
		<truncated>0</truncated>
		<difficult>0</difficult>
		<bndbox>
			<xmin>149</xmin>
			<ymin>242</ymin>
			<xmax>1672</xmax>
			<ymax>878</ymax>
		</bndbox>
	</object>
</annotation>
