<annotation>
	<folder>data</folder>
	<filename>new_data_119.jpg</filename>
	<path>D:\DashboardGraphExtract\data\new_data_119.jpg</path>
	<source>
		<database>Unknown</database>
	</source>
	<size>
		<width>971</width>
		<height>689</height>
		<depth>3</depth>
	</size>
	<segmented>0</segmented>
	<object>
		<name>donut</name>
		<pose>Unspecified</pose>
		<truncated>0</truncated>
		<difficult>0</difficult>
		<bndbox>
			<xmin>294</xmin>
			<ymin>238</ymin>
			<xmax>657</xmax>
			<ymax>606</ymax>
		</bndbox>
	</object>
</annotation>
