<annotation>
	<folder>data</folder>
	<filename>new_data_173.jpg</filename>
	<path>D:\DashboardGraphExtract\data\new_data_173.jpg</path>
	<source>
		<database>Unknown</database>
	</source>
	<size>
		<width>1386</width>
		<height>758</height>
		<depth>3</depth>
	</size>
	<segmented>0</segmented>
	<object>
		<name>line_chart</name>
		<pose>Unspecified</pose>
		<truncated>0</truncated>
		<difficult>0</difficult>
		<bndbox>
			<xmin>167</xmin>
			<ymin>46</ymin>
			<xmax>1179</xmax>
			<ymax>548</ymax>
		</bndbox>
	</object>
</annotation>
