<annotation>
	<folder>data</folder>
	<filename>new_data_415.jpg</filename>
	<path>D:\DashboardGraphExtract\data\new_data_415.jpg</path>
	<source>
		<database>Unknown</database>
	</source>
	<size>
		<width>459</width>
		<height>371</height>
		<depth>3</depth>
	</size>
	<segmented>0</segmented>
	<object>
		<name>donut</name>
		<pose>Unspecified</pose>
		<truncated>0</truncated>
		<difficult>0</difficult>
		<bndbox>
			<xmin>142</xmin>
			<ymin>138</ymin>
			<xmax>326</xmax>
			<ymax>322</ymax>
		</bndbox>
	</object>
</annotation>
