<annotation>
	<folder>data</folder>
	<filename>new_data_380.jpg</filename>
	<path>D:\DashboardGraphExtract\data\new_data_380.jpg</path>
	<source>
		<database>Unknown</database>
	</source>
	<size>
		<width>710</width>
		<height>393</height>
		<depth>3</depth>
	</size>
	<segmented>0</segmented>
	<object>
		<name>pie_chart</name>
		<pose>Unspecified</pose>
		<truncated>0</truncated>
		<difficult>0</difficult>
		<bndbox>
			<xmin>102</xmin>
			<ymin>33</ymin>
			<xmax>349</xmax>
			<ymax>289</ymax>
		</bndbox>
	</object>
	<object>
		<name>pie_chart</name>
		<pose>Unspecified</pose>
		<truncated>0</truncated>
		<difficult>0</difficult>
		<bndbox>
			<xmin>454</xmin>
			<ymin>97</ymin>
			<xmax>580</xmax>
			<ymax>228</ymax>
		</bndbox>
	</object>
</annotation>
