<annotation>
	<folder>data</folder>
	<filename>new_data_97.jpg</filename>
	<path>D:\DashboardGraphExtract\data\new_data_97.jpg</path>
	<source>
		<database>Unknown</database>
	</source>
	<size>
		<width>926</width>
		<height>628</height>
		<depth>3</depth>
	</size>
	<segmented>0</segmented>
	<object>
		<name>donut</name>
		<pose>Unspecified</pose>
		<truncated>0</truncated>
		<difficult>0</difficult>
		<bndbox>
			<xmin>270</xmin>
			<ymin>217</ymin>
			<xmax>665</xmax>
			<ymax>611</ymax>
		</bndbox>
	</object>
</annotation>
