<annotation>
	<folder>data</folder>
	<filename>new_data_221.jpg</filename>
	<path>D:\DashboardGraphExtract\data\new_data_221.jpg</path>
	<source>
		<database>Unknown</database>
	</source>
	<size>
		<width>1874</width>
		<height>944</height>
		<depth>3</depth>
	</size>
	<segmented>0</segmented>
	<object>
		<name>donut</name>
		<pose>Unspecified</pose>
		<truncated>0</truncated>
		<difficult>0</difficult>
		<bndbox>
			<xmin>1462</xmin>
			<ymin>187</ymin>
			<xmax>1807</xmax>
			<ymax>554</ymax>
		</bndbox>
	</object>
	<object>
		<name>area_chart</name>
		<pose>Unspecified</pose>
		<truncated>0</truncated>
		<difficult>0</difficult>
		<bndbox>
			<xmin>632</xmin>
			<ymin>165</ymin>
			<xmax>1379</xmax>
			<ymax>484</ymax>
		</bndbox>
	</object>
</annotation>
