<annotation>
	<folder>data</folder>
	<filename>new_data_298.jpg</filename>
	<path>D:\DashboardGraphExtract\data\new_data_298.jpg</path>
	<source>
		<database>Unknown</database>
	</source>
	<size>
		<width>322</width>
		<height>157</height>
		<depth>3</depth>
	</size>
	<segmented>0</segmented>
	<object>
		<name>donut</name>
		<pose>Unspecified</pose>
		<truncated>0</truncated>
		<difficult>0</difficult>
		<bndbox>
			<xmin>25</xmin>
			<ymin>48</ymin>
			<xmax>117</xmax>
			<ymax>145</ymax>
		</bndbox>
	</object>
	<object>
		<name>pie_chart</name>
		<pose>Unspecified</pose>
		<truncated>0</truncated>
		<difficult>0</difficult>
		<bndbox>
			<xmin>190</xmin>
			<ymin>52</ymin>
			<xmax>282</xmax>
			<ymax>145</ymax>
		</bndbox>
	</object>
</annotation>
