<annotation>
	<folder>data</folder>
	<filename>new_data_258.jpg</filename>
	<path>D:\DashboardGraphExtract\data\new_data_258.jpg</path>
	<source>
		<database>Unknown</database>
	</source>
	<size>
		<width>675</width>
		<height>751</height>
		<depth>3</depth>
	</size>
	<segmented>0</segmented>
	<object>
		<name>pie_chart</name>
		<pose>Unspecified</pose>
		<truncated>0</truncated>
		<difficult>0</difficult>
		<bndbox>
			<xmin>48</xmin>
			<ymin>148</ymin>
			<xmax>635</xmax>
			<ymax>720</ymax>
		</bndbox>
	</object>
</annotation>
