<annotation>
	<folder>data</folder>
	<filename>new_data_300.jpg</filename>
	<path>D:\DashboardGraphExtract\data\new_data_300.jpg</path>
	<source>
		<database>Unknown</database>
	</source>
	<size>
		<width>266</width>
		<height>190</height>
		<depth>3</depth>
	</size>
	<segmented>0</segmented>
	<object>
		<name>donut</name>
		<pose>Unspecified</pose>
		<truncated>0</truncated>
		<difficult>0</difficult>
		<bndbox>
			<xmin>47</xmin>
			<ymin>20</ymin>
			<xmax>196</xmax>
			<ymax>171</ymax>
		</bndbox>
	</object>
</annotation>
