<annotation>
	<folder>data</folder>
	<filename>new_data_333.jpg</filename>
	<path>D:\DashboardGraphExtract\data\new_data_333.jpg</path>
	<source>
		<database>Unknown</database>
	</source>
	<size>
		<width>600</width>
		<height>315</height>
		<depth>3</depth>
	</size>
	<segmented>0</segmented>
	<object>
		<name>line_chart</name>
		<pose>Unspecified</pose>
		<truncated>0</truncated>
		<difficult>0</difficult>
		<bndbox>
			<xmin>84</xmin>
			<ymin>57</ymin>
			<xmax>550</xmax>
			<ymax>263</ymax>
		</bndbox>
	</object>
</annotation>
