<annotation>
	<folder>data</folder>
	<filename>new_data_60.jpg</filename>
	<path>D:\DashboardGraphExtract\data\new_data_60.jpg</path>
	<source>
		<database>Unknown</database>
	</source>
	<size>
		<width>800</width>
		<height>800</height>
		<depth>3</depth>
	</size>
	<segmented>0</segmented>
	<object>
		<name>donut</name>
		<pose>Unspecified</pose>
		<truncated>0</truncated>
		<difficult>0</difficult>
		<bndbox>
			<xmin>174</xmin>
			<ymin>219</ymin>
			<xmax>624</xmax>
			<ymax>673</ymax>
		</bndbox>
	</object>
</annotation>
