<annotation>
	<folder>data</folder>
	<filename>new_data_37.jpg</filename>
	<path>D:\DashboardGraphExtract\data\new_data_37.jpg</path>
	<source>
		<database>Unknown</database>
	</source>
	<size>
		<width>606</width>
		<height>365</height>
		<depth>3</depth>
	</size>
	<segmented>0</segmented>
	<object>
		<name>area_chart</name>
		<pose>Unspecified</pose>
		<truncated>0</truncated>
		<difficult>0</difficult>
		<bndbox>
			<xmin>53</xmin>
			<ymin>79</ymin>
			<xmax>569</xmax>
			<ymax>282</ymax>
		</bndbox>
	</object>
</annotation>
