<annotation>
	<folder>data</folder>
	<filename>new_data_219.jpg</filename>
	<path>D:\DashboardGraphExtract\data\new_data_219.jpg</path>
	<source>
		<database>Unknown</database>
	</source>
	<size>
		<width>1113</width>
		<height>750</height>
		<depth>3</depth>
	</size>
	<segmented>0</segmented>
	<object>
		<name>pie_chart</name>
		<pose>Unspecified</pose>
		<truncated>0</truncated>
		<difficult>0</difficult>
		<bndbox>
			<xmin>248</xmin>
			<ymin>69</ymin>
			<xmax>863</xmax>
			<ymax>679</ymax>
		</bndbox>
	</object>
</annotation>
