<annotation>
	<folder>data</folder>
	<filename>new_data_319.jpg</filename>
	<path>D:\DashboardGraphExtract\data\new_data_319.jpg</path>
	<source>
		<database>Unknown</database>
	</source>
	<size>
		<width>294</width>
		<height>172</height>
		<depth>3</depth>
	</size>
	<segmented>0</segmented>
	<object>
		<name>line_chart</name>
		<pose>Unspecified</pose>
		<truncated>0</truncated>
		<difficult>0</difficult>
		<bndbox>
			<xmin>22</xmin>
			<ymin>52</ymin>
			<xmax>291</xmax>
			<ymax>124</ymax>
		</bndbox>
	</object>
</annotation>
