<annotation>
	<folder>data</folder>
	<filename>new_data_242.jpg</filename>
	<path>D:\DashboardGraphExtract\data\new_data_242.jpg</path>
	<source>
		<database>Unknown</database>
	</source>
	<size>
		<width>746</width>
		<height>390</height>
		<depth>3</depth>
	</size>
	<segmented>0</segmented>
	<object>
		<name>donut</name>
		<pose>Unspecified</pose>
		<truncated>0</truncated>
		<difficult>0</difficult>
		<bndbox>
			<xmin>266</xmin>
			<ymin>57</ymin>
			<xmax>592</xmax>
			<ymax>386</ymax>
		</bndbox>
	</object>
</annotation>
