<annotation>
	<folder>data</folder>
	<filename>new_data_72.jpg</filename>
	<path>D:\DashboardGraphExtract\data\new_data_72.jpg</path>
	<source>
		<database>Unknown</database>
	</source>
	<size>
		<width>300</width>
		<height>284</height>
		<depth>3</depth>
	</size>
	<segmented>0</segmented>
	<object>
		<name>bar_graph</name>
		<pose>Unspecified</pose>
		<truncated>0</truncated>
		<difficult>0</difficult>
		<bndbox>
			<xmin>91</xmin>
			<ymin>19</ymin>
			<xmax>282</xmax>
			<ymax>235</ymax>
		</bndbox>
	</object>
</annotation>
