<annotation>
	<folder>data</folder>
	<filename>new_data_252.jpg</filename>
	<path>D:\DashboardGraphExtract\data\new_data_252.jpg</path>
	<source>
		<database>Unknown</database>
	</source>
	<size>
		<width>428</width>
		<height>321</height>
		<depth>3</depth>
	</size>
	<segmented>0</segmented>
	<object>
		<name>line_chart</name>
		<pose>Unspecified</pose>
		<truncated>0</truncated>
		<difficult>0</difficult>
		<bndbox>
			<xmin>54</xmin>
			<ymin>96</ymin>
			<xmax>401</xmax>
			<ymax>238</ymax>
		</bndbox>
	</object>
</annotation>
