<annotation>
	<folder>data</folder>
	<filename>new_data_200.jpg</filename>
	<path>D:\DashboardGraphExtract\data\new_data_200.jpg</path>
	<source>
		<database>Unknown</database>
	</source>
	<size>
		<width>1133</width>
		<height>589</height>
		<depth>3</depth>
	</size>
	<segmented>0</segmented>
	<object>
		<name>area_chart</name>
		<pose>Unspecified</pose>
		<truncated>0</truncated>
		<difficult>0</difficult>
		<bndbox>
			<xmin>282</xmin>
			<ymin>134</ymin>
			<xmax>1090</xmax>
			<ymax>528</ymax>
		</bndbox>
	</object>
</annotation>
