<annotation>
	<folder>data</folder>
	<filename>new_data_27.jpg</filename>
	<path>D:\DashboardGraphExtract\data\new_data_27.jpg</path>
	<source>
		<database>Unknown</database>
	</source>
	<size>
		<width>811</width>
		<height>467</height>
		<depth>3</depth>
	</size>
	<segmented>0</segmented>
	<object>
		<name>line_chart</name>
		<pose>Unspecified</pose>
		<truncated>0</truncated>
		<difficult>0</difficult>
		<bndbox>
			<xmin>139</xmin>
			<ymin>239</ymin>
			<xmax>706</xmax>
			<ymax>418</ymax>
		</bndbox>
	</object>
</annotation>
