<annotation>
	<folder>data</folder>
	<filename>new_data_390.jpg</filename>
	<path>D:\DashboardGraphExtract\data\new_data_390.jpg</path>
	<source>
		<database>Unknown</database>
	</source>
	<size>
		<width>512</width>
		<height>317</height>
		<depth>3</depth>
	</size>
	<segmented>0</segmented>
	<object>
		<name>pie_chart</name>
		<pose>Unspecified</pose>
		<truncated>0</truncated>
		<difficult>0</difficult>
		<bndbox>
			<xmin>112</xmin>
			<ymin>17</ymin>
			<xmax>396</xmax>
			<ymax>301</ymax>
		</bndbox>
	</object>
</annotation>
