<annotation>
	<folder>data</folder>
	<filename>new_data_364.jpg</filename>
	<path>D:\DashboardGraphExtract\data\new_data_364.jpg</path>
	<source>
		<database>Unknown</database>
	</source>
	<size>
		<width>570</width>
		<height>320</height>
		<depth>3</depth>
	</size>
	<segmented>0</segmented>
	<object>
		<name>line_chart</name>
		<pose>Unspecified</pose>
		<truncated>0</truncated>
		<difficult>0</difficult>
		<bndbox>
			<xmin>80</xmin>
			<ymin>71</ymin>
			<xmax>529</xmax>
			<ymax>291</ymax>
		</bndbox>
	</object>
</annotation>
