<annotation>
	<folder>data</folder>
	<filename>new_data_163.jpg</filename>
	<path>D:\DashboardGraphExtract\data\new_data_163.jpg</path>
	<source>
		<database>Unknown</database>
	</source>
	<size>
		<width>1024</width>
		<height>576</height>
		<depth>3</depth>
	</size>
	<segmented>0</segmented>
	<object>
		<name>area_chart</name>
		<pose>Unspecified</pose>
		<truncated>1</truncated>
		<difficult>0</difficult>
		<bndbox>
			<xmin>479</xmin>
			<ymin>105</ymin>
			<xmax>1024</xmax>
			<ymax>523</ymax>
		</bndbox>
	</object>
</annotation>
