<annotation>
	<folder>data</folder>
	<filename>new_data_132.jpg</filename>
	<path>D:\DashboardGraphExtract\data\new_data_132.jpg</path>
	<source>
		<database>Unknown</database>
	</source>
	<size>
		<width>850</width>
		<height>858</height>
		<depth>3</depth>
	</size>
	<segmented>0</segmented>
	<object>
		<name>line_chart</name>
		<pose>Unspecified</pose>
		<truncated>0</truncated>
		<difficult>0</difficult>
		<bndbox>
			<xmin>155</xmin>
			<ymin>345</ymin>
			<xmax>797</xmax>
			<ymax>605</ymax>
		</bndbox>
	</object>
</annotation>
