<annotation>
	<folder>data</folder>
	<filename>new_data_343.jpg</filename>
	<path>D:\DashboardGraphExtract\data\new_data_343.jpg</path>
	<source>
		<database>Unknown</database>
	</source>
	<size>
		<width>637</width>
		<height>343</height>
		<depth>3</depth>
	</size>
	<segmented>0</segmented>
	<object>
		<name>line_chart</name>
		<pose>Unspecified</pose>
		<truncated>0</truncated>
		<difficult>0</difficult>
		<bndbox>
			<xmin>219</xmin>
			<ymin>104</ymin>
			<xmax>610</xmax>
			<ymax>170</ymax>
		</bndbox>
	</object>
</annotation>
