<annotation>
	<folder>data</folder>
	<filename>new_data_339.jpg</filename>
	<path>D:\DashboardGraphExtract\data\new_data_339.jpg</path>
	<source>
		<database>Unknown</database>
	</source>
	<size>
		<width>498</width>
		<height>293</height>
		<depth>3</depth>
	</size>
	<segmented>0</segmented>
	<object>
		<name>line_chart</name>
		<pose>Unspecified</pose>
		<truncated>0</truncated>
		<difficult>0</difficult>
		<bndbox>
			<xmin>41</xmin>
			<ymin>44</ymin>
			<xmax>486</xmax>
			<ymax>136</ymax>
		</bndbox>
	</object>
	<object>
		<name>line_chart</name>
		<pose>Unspecified</pose>
		<truncated>0</truncated>
		<difficult>0</difficult>
		<bndbox>
			<xmin>43</xmin>
			<ymin>140</ymin>
			<xmax>484</xmax>
			<ymax>174</ymax>
		</bndbox>
	</object>
</annotation>
