<annotation>
	<folder>data</folder>
	<filename>new_data_277.jpg</filename>
	<path>D:\DashboardGraphExtract\data\new_data_277.jpg</path>
	<source>
		<database>Unknown</database>
	</source>
	<size>
		<width>400</width>
		<height>300</height>
		<depth>3</depth>
	</size>
	<segmented>0</segmented>
	<object>
		<name>bar_graph</name>
		<pose>Unspecified</pose>
		<truncated>0</truncated>
		<difficult>0</difficult>
		<bndbox>
			<xmin>65</xmin>
			<ymin>30</ymin>
			<xmax>358</xmax>
			<ymax>191</ymax>
		</bndbox>
	</object>
</annotation>
