<annotation>
	<folder>data</folder>
	<filename>new_data_116.jpg</filename>
	<path>D:\DashboardGraphExtract\data\new_data_116.jpg</path>
	<source>
		<database>Unknown</database>
	</source>
	<size>
		<width>770</width>
		<height>452</height>
		<depth>3</depth>
	</size>
	<segmented>0</segmented>
	<object>
		<name>donut</name>
		<pose>Unspecified</pose>
		<truncated>0</truncated>
		<difficult>0</difficult>
		<bndbox>
			<xmin>284</xmin>
			<ymin>151</ymin>
			<xmax>495</xmax>
			<ymax>370</ymax>
		</bndbox>
	</object>
</annotation>
