<annotation>
	<folder>data</folder>
	<filename>new_data_363.jpg</filename>
	<path>D:\DashboardGraphExtract\data\new_data_363.jpg</path>
	<source>
		<database>Unknown</database>
	</source>
	<size>
		<width>567</width>
		<height>342</height>
		<depth>3</depth>
	</size>
	<segmented>0</segmented>
	<object>
		<name>bar_graph</name>
		<pose>Unspecified</pose>
		<truncated>0</truncated>
		<difficult>0</difficult>
		<bndbox>
			<xmin>52</xmin>
			<ymin>24</ymin>
			<xmax>533</xmax>
			<ymax>304</ymax>
		</bndbox>
	</object>
</annotation>
