<annotation>
	<folder>data</folder>
	<filename>new_data_180.jpg</filename>
	<path>D:\DashboardGraphExtract\data\new_data_180.jpg</path>
	<source>
		<database>Unknown</database>
	</source>
	<size>
		<width>940</width>
		<height>537</height>
		<depth>3</depth>
	</size>
	<segmented>0</segmented>
	<object>
		<name>area_chart</name>
		<pose>Unspecified</pose>
		<truncated>0</truncated>
		<difficult>0</difficult>
		<bndbox>
			<xmin>152</xmin>
			<ymin>170</ymin>
			<xmax>712</xmax>
			<ymax>367</ymax>
		</bndbox>
	</object>
</annotation>
