<annotation>
	<folder>data</folder>
	<filename>new_data_284.jpg</filename>
	<path>D:\DashboardGraphExtract\data\new_data_284.jpg</path>
	<source>
		<database>Unknown</database>
	</source>
	<size>
		<width>768</width>
		<height>465</height>
		<depth>3</depth>
	</size>
	<segmented>0</segmented>
	<object>
		<name>pie_chart</name>
		<pose>Unspecified</pose>
		<truncated>0</truncated>
		<difficult>0</difficult>
		<bndbox>
			<xmin>76</xmin>
			<ymin>149</ymin>
			<xmax>297</xmax>
			<ymax>367</ymax>
		</bndbox>
	</object>
	<object>
		<name>pie_chart</name>
		<pose>Unspecified</pose>
		<truncated>0</truncated>
		<difficult>0</difficult>
		<bndbox>
			<xmin>469</xmin>
			<ymin>150</ymin>
			<xmax>695</xmax>
			<ymax>368</ymax>
		</bndbox>
	</object>
</annotation>
