<annotation>
	<folder>data</folder>
	<filename>new_data_301.jpg</filename>
	<path>D:\DashboardGraphExtract\data\new_data_301.jpg</path>
	<source>
		<database>Unknown</database>
	</source>
	<size>
		<width>241</width>
		<height>209</height>
		<depth>3</depth>
	</size>
	<segmented>0</segmented>
	<object>
		<name>bar_graph</name>
		<pose>Unspecified</pose>
		<truncated>0</truncated>
		<difficult>0</difficult>
		<bndbox>
			<xmin>50</xmin>
			<ymin>24</ymin>
			<xmax>177</xmax>
			<ymax>168</ymax>
		</bndbox>
	</object>
</annotation>
