<annotation>
	<folder>data</folder>
	<filename>new_data_326.jpg</filename>
	<path>D:\DashboardGraphExtract\data\new_data_326.jpg</path>
	<source>
		<database>Unknown</database>
	</source>
	<size>
		<width>676</width>
		<height>798</height>
		<depth>3</depth>
	</size>
	<segmented>0</segmented>
	<object>
		<name>pie_chart</name>
		<pose>Unspecified</pose>
		<truncated>0</truncated>
		<difficult>0</difficult>
		<bndbox>
			<xmin>19</xmin>
			<ymin>16</ymin>
			<xmax>658</xmax>
			<ymax>671</ymax>
		</bndbox>
	</object>
</annotation>
