<annotation>
	<folder>data</folder>
	<filename>new_data_378.jpg</filename>
	<path>D:\DashboardGraphExtract\data\new_data_378.jpg</path>
	<source>
		<database>Unknown</database>
	</source>
	<size>
		<width>2000</width>
		<height>1543</height>
		<depth>3</depth>
	</size>
	<segmented>0</segmented>
	<object>
		<name>pie_chart</name>
		<pose>Unspecified</pose>
		<truncated>0</truncated>
		<difficult>0</difficult>
		<bndbox>
			<xmin>140</xmin>
			<ymin>207</ymin>
			<xmax>1433</xmax>
			<ymax>1491</ymax>
		</bndbox>
	</object>
</annotation>
