<annotation>
	<folder>data</folder>
	<filename>new_data_31.jpg</filename>
	<path>D:\DashboardGraphExtract\data\new_data_31.jpg</path>
	<source>
		<database>Unknown</database>
	</source>
	<size>
		<width>608</width>
		<height>324</height>
		<depth>3</depth>
	</size>
	<segmented>0</segmented>
	<object>
		<name>area_chart</name>
		<pose>Unspecified</pose>
		<truncated>0</truncated>
		<difficult>0</difficult>
		<bndbox>
			<xmin>34</xmin>
			<ymin>50</ymin>
			<xmax>379</xmax>
			<ymax>267</ymax>
		</bndbox>
	</object>
</annotation>
