<annotation>
	<folder>data</folder>
	<filename>new_data_145.jpg</filename>
	<path>D:\DashboardGraphExtract\data\new_data_145.jpg</path>
	<source>
		<database>Unknown</database>
	</source>
	<size>
		<width>713</width>
		<height>426</height>
		<depth>3</depth>
	</size>
	<segmented>0</segmented>
	<object>
		<name>bar_graph</name>
		<pose>Unspecified</pose>
		<truncated>0</truncated>
		<difficult>0</difficult>
		<bndbox>
			<xmin>199</xmin>
			<ymin>73</ymin>
			<xmax>618</xmax>
			<ymax>376</ymax>
		</bndbox>
	</object>
</annotation>
