<annotation>
	<folder>data</folder>
	<filename>new_data_89.jpg</filename>
	<path>D:\DashboardGraphExtract\data\new_data_89.jpg</path>
	<source>
		<database>Unknown</database>
	</source>
	<size>
		<width>836</width>
		<height>486</height>
		<depth>3</depth>
	</size>
	<segmented>0</segmented>
	<object>
		<name>pie_chart</name>
		<pose>Unspecified</pose>
		<truncated>0</truncated>
		<difficult>0</difficult>
		<bndbox>
			<xmin>192</xmin>
			<ymin>30</ymin>
			<xmax>595</xmax>
			<ymax>440</ymax>
		</bndbox>
	</object>
</annotation>
