<annotation>
	<folder>data</folder>
	<filename>new_data_73.jpg</filename>
	<path>D:\DashboardGraphExtract\data\new_data_73.jpg</path>
	<source>
		<database>Unknown</database>
	</source>
	<size>
		<width>795</width>
		<height>377</height>
		<depth>3</depth>
	</size>
	<segmented>0</segmented>
	<object>
		<name>donut</name>
		<pose>Unspecified</pose>
		<truncated>0</truncated>
		<difficult>0</difficult>
		<bndbox>
			<xmin>502</xmin>
			<ymin>62</ymin>
			<xmax>793</xmax>
			<ymax>358</ymax>
		</bndbox>
	</object>
	<object>
		<name>donut</name>
		<pose>Unspecified</pose>
		<truncated>0</truncated>
		<difficult>0</difficult>
		<bndbox>
			<xmin>77</xmin>
			<ymin>61</ymin>
			<xmax>374</xmax>
			<ymax>356</ymax>
		</bndbox>
	</object>
</annotation>
