<annotation>
	<folder>data</folder>
	<filename>new_data_372.jpg</filename>
	<path>D:\DashboardGraphExtract\data\new_data_372.jpg</path>
	<source>
		<database>Unknown</database>
	</source>
	<size>
		<width>523</width>
		<height>406</height>
		<depth>3</depth>
	</size>
	<segmented>0</segmented>
	<object>
		<name>pie_chart</name>
		<pose>Unspecified</pose>
		<truncated>0</truncated>
		<difficult>0</difficult>
		<bndbox>
			<xmin>113</xmin>
			<ymin>57</ymin>
			<xmax>416</xmax>
			<ymax>360</ymax>
		</bndbox>
	</object>
</annotation>
