<annotation>
	<folder>data</folder>
	<filename>new_data_387.jpg</filename>
	<path>D:\DashboardGraphExtract\data\new_data_387.jpg</path>
	<source>
		<database>Unknown</database>
	</source>
	<size>
		<width>481</width>
		<height>289</height>
		<depth>3</depth>
	</size>
	<segmented>0</segmented>
	<object>
		<name>pie_chart</name>
		<pose>Unspecified</pose>
		<truncated>0</truncated>
		<difficult>0</difficult>
		<bndbox>
			<xmin>144</xmin>
			<ymin>49</ymin>
			<xmax>337</xmax>
			<ymax>243</ymax>
		</bndbox>
	</object>
</annotation>
