<annotation>
	<folder>data</folder>
	<filename>new_data_407.jpg</filename>
	<path>D:\DashboardGraphExtract\data\new_data_407.jpg</path>
	<source>
		<database>Unknown</database>
	</source>
	<size>
		<width>1000</width>
		<height>600</height>
		<depth>3</depth>
	</size>
	<segmented>0</segmented>
	<object>
		<name>pie_chart</name>
		<pose>Unspecified</pose>
		<truncated>0</truncated>
		<difficult>0</difficult>
		<bndbox>
			<xmin>195</xmin>
			<ymin>97</ymin>
			<xmax>438</xmax>
			<ymax>355</ymax>
		</bndbox>
	</object>
	<object>
		<name>bar_graph</name>
		<pose>Unspecified</pose>
		<truncated>0</truncated>
		<difficult>0</difficult>
		<bndbox>
			<xmin>600</xmin>
			<ymin>90</ymin>
			<xmax>848</xmax>
			<ymax>337</ymax>
		</bndbox>
	</object>
</annotation>
