<annotation>
	<folder>data</folder>
	<filename>new_data_245.jpg</filename>
	<path>D:\DashboardGraphExtract\data\new_data_245.jpg</path>
	<source>
		<database>Unknown</database>
	</source>
	<size>
		<width>475</width>
		<height>263</height>
		<depth>3</depth>
	</size>
	<segmented>0</segmented>
	<object>
		<name>donut</name>
		<pose>Unspecified</pose>
		<truncated>0</truncated>
		<difficult>0</difficult>
		<bndbox>
			<xmin>265</xmin>
			<ymin>40</ymin>
			<xmax>445</xmax>
			<ymax>223</ymax>
		</bndbox>
	</object>
</annotation>
