<annotation>
	<folder>data</folder>
	<filename>new_data_162.jpg</filename>
	<path>D:\DashboardGraphExtract\data\new_data_162.jpg</path>
	<source>
		<database>Unknown</database>
	</source>
	<size>
		<width>699</width>
		<height>553</height>
		<depth>3</depth>
	</size>
	<segmented>0</segmented>
	<object>
		<name>bar_graph</name>
		<pose>Unspecified</pose>
		<truncated>0</truncated>
		<difficult>0</difficult>
		<bndbox>
			<xmin>175</xmin>
			<ymin>221</ymin>
			<xmax>519</xmax>
			<ymax>521</ymax>
		</bndbox>
	</object>
</annotation>
