<annotation>
	<folder>data</folder>
	<filename>new_data_392.jpg</filename>
	<path>D:\DashboardGraphExtract\data\new_data_392.jpg</path>
	<source>
		<database>Unknown</database>
	</source>
	<size>
		<width>502</width>
		<height>303</height>
		<depth>3</depth>
	</size>
	<segmented>0</segmented>
	<object>
		<name>pie_chart</name>
		<pose>Unspecified</pose>
		<truncated>0</truncated>
		<difficult>0</difficult>
		<bndbox>
			<xmin>147</xmin>
			<ymin>86</ymin>
			<xmax>337</xmax>
			<ymax>278</ymax>
		</bndbox>
	</object>
</annotation>
