<annotation>
	<folder>data</folder>
	<filename>new_data_226.jpg</filename>
	<path>D:\DashboardGraphExtract\data\new_data_226.jpg</path>
	<source>
		<database>Unknown</database>
	</source>
	<size>
		<width>730</width>
		<height>320</height>
		<depth>3</depth>
	</size>
	<segmented>0</segmented>
	<object>
		<name>donut</name>
		<pose>Unspecified</pose>
		<truncated>0</truncated>
		<difficult>0</difficult>
		<bndbox>
			<xmin>383</xmin>
			<ymin>20</ymin>
			<xmax>677</xmax>
			<ymax>305</ymax>
		</bndbox>
	</object>
	<object>
		<name>donut</name>
		<pose>Unspecified</pose>
		<truncated>0</truncated>
		<difficult>0</difficult>
		<bndbox>
			<xmin>46</xmin>
			<ymin>18</ymin>
			<xmax>344</xmax>
			<ymax>308</ymax>
		</bndbox>
	</object>
</annotation>
