<annotation>
	<folder>data</folder>
	<filename>new_data_357.jpg</filename>
	<path>D:\DashboardGraphExtract\data\new_data_357.jpg</path>
	<source>
		<database>Unknown</database>
	</source>
	<size>
		<width>617</width>
		<height>294</height>
		<depth>3</depth>
	</size>
	<segmented>0</segmented>
	<object>
		<name>area_chart</name>
		<pose>Unspecified</pose>
		<truncated>0</truncated>
		<difficult>0</difficult>
		<bndbox>
			<xmin>331</xmin>
			<ymin>32</ymin>
			<xmax>592</xmax>
			<ymax>277</ymax>
		</bndbox>
	</object>
	<object>
		<name>area_chart</name>
		<pose>Unspecified</pose>
		<truncated>0</truncated>
		<difficult>0</difficult>
		<bndbox>
			<xmin>33</xmin>
			<ymin>62</ymin>
			<xmax>293</xmax>
			<ymax>272</ymax>
		</bndbox>
	</object>
</annotation>
