<annotation>
	<folder>data</folder>
	<filename>new_data_3.jpg</filename>
	<path>D:\DashboardGraphExtract\data\new_data_3.jpg</path>
	<source>
		<database>Unknown</database>
	</source>
	<size>
		<width>940</width>
		<height>412</height>
		<depth>3</depth>
	</size>
	<segmented>0</segmented>
	<object>
		<name>line_chart</name>
		<pose>Unspecified</pose>
		<truncated>0</truncated>
		<difficult>0</difficult>
		<bndbox>
			<xmin>75</xmin>
			<ymin>75</ymin>
			<xmax>921</xmax>
			<ymax>310</ymax>
		</bndbox>
	</object>
	<object>
		<name>line_chart</name>
		<pose>Unspecified</pose>
		<truncated>1</truncated>
		<difficult>0</difficult>
		<bndbox>
			<xmin>42</xmin>
			<ymin>220</ymin>
			<xmax>935</xmax>
			<ymax>412</ymax>
		</bndbox>
	</object>
</annotation>
