<annotation>
	<folder>data</folder>
	<filename>new_data_105.jpg</filename>
	<path>D:\DashboardGraphExtract\data\new_data_105.jpg</path>
	<source>
		<database>Unknown</database>
	</source>
	<size>
		<width>1335</width>
		<height>1600</height>
		<depth>3</depth>
	</size>
	<segmented>0</segmented>
	<object>
		<name>bar_graph</name>
		<pose>Unspecified</pose>
		<truncated>0</truncated>
		<difficult>0</difficult>
		<bndbox>
			<xmin>708</xmin>
			<ymin>191</ymin>
			<xmax>1227</xmax>
			<ymax>460</ymax>
		</bndbox>
	</object>
	<object>
		<name>bar_graph</name>
		<pose>Unspecified</pose>
		<truncated>0</truncated>
		<difficult>0</difficult>
		<bndbox>
			<xmin>78</xmin>
			<ymin>220</ymin>
			<xmax>573</xmax>
			<ymax>462</ymax>
		</bndbox>
	</object>
	<object>
		<name>bar_graph</name>
		<pose>Unspecified</pose>
		<truncated>0</truncated>
		<difficult>0</difficult>
		<bndbox>
			<xmin>369</xmin>
			<ymin>969</ymin>
			<xmax>461</xmax>
			<ymax>1016</ymax>
		</bndbox>
	</object>
	<object>
		<name>bar_graph</name>
		<pose>Unspecified</pose>
		<truncated>0</truncated>
		<difficult>0</difficult>
		<bndbox>
			<xmin>388</xmin>
			<ymin>1021</ymin>
			<xmax>461</xmax>
			<ymax>1077</ymax>
		</bndbox>
	</object>
	<object>
		<name>bar_graph</name>
		<pose>Unspecified</pose>
		<truncated>0</truncated>
		<difficult>0</difficult>
		<bndbox>
			<xmin>374</xmin>
			<ymin>1081</ymin>
			<xmax>449</xmax>
			<ymax>1132</ymax>
		</bndbox>
	</object>
	<object>
		<name>bar_graph</name>
		<pose>Unspecified</pose>
		<truncated>0</truncated>
		<difficult>0</difficult>
		<bndbox>
			<xmin>374</xmin>
			<ymin>1142</ymin>
			<xmax>456</xmax>
			<ymax>1184</ymax>
		</bndbox>
	</object>
	<object>
		<name>bar_graph</name>
		<pose>Unspecified</pose>
		<truncated>0</truncated>
		<difficult>0</difficult>
		<bndbox>
			<xmin>380</xmin>
			<ymin>1189</ymin>
			<xmax>457</xmax>
			<ymax>1233</ymax>
		</bndbox>
	</object>
	<object>
		<name>area_chart</name>
		<pose>Unspecified</pose>
		<truncated>0</truncated>
		<difficult>0</difficult>
		<bndbox>
			<xmin>703</xmin>
			<ymin>589</ymin>
			<xmax>1266</xmax>
			<ymax>849</ymax>
		</bndbox>
	</object>
</annotation>
