<annotation>
	<folder>data</folder>
	<filename>new_data_1.jpg</filename>
	<path>D:\DashboardGraphExtract\data\new_data_1.jpg</path>
	<source>
		<database>Unknown</database>
	</source>
	<size>
		<width>1485</width>
		<height>966</height>
		<depth>3</depth>
	</size>
	<segmented>0</segmented>
	<object>
		<name>area_chart</name>
		<pose>Unspecified</pose>
		<truncated>0</truncated>
		<difficult>0</difficult>
		<bndbox>
			<xmin>185</xmin>
			<ymin>153</ymin>
			<xmax>1219</xmax>
			<ymax>894</ymax>
		</bndbox>
	</object>
</annotation>
