<annotation>
	<folder>data</folder>
	<filename>new_data_78.jpg</filename>
	<path>D:\DashboardGraphExtract\data\new_data_78.jpg</path>
	<source>
		<database>Unknown</database>
	</source>
	<size>
		<width>700</width>
		<height>450</height>
		<depth>3</depth>
	</size>
	<segmented>0</segmented>
	<object>
		<name>pie_chart</name>
		<pose>Unspecified</pose>
		<truncated>0</truncated>
		<difficult>0</difficult>
		<bndbox>
			<xmin>194</xmin>
			<ymin>63</ymin>
			<xmax>503</xmax>
			<ymax>368</ymax>
		</bndbox>
	</object>
</annotation>
