<annotation>
	<folder>data</folder>
	<filename>new_data_303.jpg</filename>
	<path>D:\DashboardGraphExtract\data\new_data_303.jpg</path>
	<source>
		<database>Unknown</database>
	</source>
	<size>
		<width>254</width>
		<height>198</height>
		<depth>3</depth>
	</size>
	<segmented>0</segmented>
	<object>
		<name>bar_graph</name>
		<pose>Unspecified</pose>
		<truncated>0</truncated>
		<difficult>0</difficult>
		<bndbox>
			<xmin>43</xmin>
			<ymin>41</ymin>
			<xmax>225</xmax>
			<ymax>98</ymax>
		</bndbox>
	</object>
</annotation>
