<annotation>
	<folder>data</folder>
	<filename>new_data_233.jpg</filename>
	<path>D:\DashboardGraphExtract\data\new_data_233.jpg</path>
	<source>
		<database>Unknown</database>
	</source>
	<size>
		<width>344</width>
		<height>208</height>
		<depth>3</depth>
	</size>
	<segmented>0</segmented>
	<object>
		<name>donut</name>
		<pose>Unspecified</pose>
		<truncated>0</truncated>
		<difficult>0</difficult>
		<bndbox>
			<xmin>97</xmin>
			<ymin>42</ymin>
			<xmax>239</xmax>
			<ymax>182</ymax>
		</bndbox>
	</object>
</annotation>
