<annotation>
	<folder>data</folder>
	<filename>new_data_419.jpg</filename>
	<path>D:\DashboardGraphExtract\data\new_data_419.jpg</path>
	<source>
		<database>Unknown</database>
	</source>
	<size>
		<width>690</width>
		<height>460</height>
		<depth>3</depth>
	</size>
	<segmented>0</segmented>
	<object>
		<name>pie_chart</name>
		<pose>Unspecified</pose>
		<truncated>0</truncated>
		<difficult>0</difficult>
		<bndbox>
			<xmin>165</xmin>
			<ymin>85</ymin>
			<xmax>286</xmax>
			<ymax>210</ymax>
		</bndbox>
	</object>
	<object>
		<name>bar_graph</name>
		<pose>Unspecified</pose>
		<truncated>0</truncated>
		<difficult>0</difficult>
		<bndbox>
			<xmin>536</xmin>
			<ymin>89</ymin>
			<xmax>664</xmax>
			<ymax>220</ymax>
		</bndbox>
	</object>
</annotation>
