<annotation>
	<folder>data</folder>
	<filename>new_data_332.jpg</filename>
	<path>D:\DashboardGraphExtract\data\new_data_332.jpg</path>
	<source>
		<database>Unknown</database>
	</source>
	<size>
		<width>700</width>
		<height>272</height>
		<depth>3</depth>
	</size>
	<segmented>0</segmented>
	<object>
		<name>area_chart</name>
		<pose>Unspecified</pose>
		<truncated>0</truncated>
		<difficult>0</difficult>
		<bndbox>
			<xmin>378</xmin>
			<ymin>57</ymin>
			<xmax>677</xmax>
			<ymax>219</ymax>
		</bndbox>
	</object>
	<object>
		<name>line_chart</name>
		<pose>Unspecified</pose>
		<truncated>0</truncated>
		<difficult>0</difficult>
		<bndbox>
			<xmin>52</xmin>
			<ymin>59</ymin>
			<xmax>300</xmax>
			<ymax>162</ymax>
		</bndbox>
	</object>
</annotation>
