<annotation>
	<folder>data</folder>
	<filename>new_data_186.jpg</filename>
	<path>D:\DashboardGraphExtract\data\new_data_186.jpg</path>
	<source>
		<database>Unknown</database>
	</source>
	<size>
		<width>752</width>
		<height>490</height>
		<depth>3</depth>
	</size>
	<segmented>0</segmented>
	<object>
		<name>line_chart</name>
		<pose>Unspecified</pose>
		<truncated>0</truncated>
		<difficult>0</difficult>
		<bndbox>
			<xmin>121</xmin>
			<ymin>62</ymin>
			<xmax>593</xmax>
			<ymax>281</ymax>
		</bndbox>
	</object>
</annotation>
