<annotation>
	<folder>data</folder>
	<filename>new_data_384.jpg</filename>
	<path>D:\DashboardGraphExtract\data\new_data_384.jpg</path>
	<source>
		<database>Unknown</database>
	</source>
	<size>
		<width>1555</width>
		<height>527</height>
		<depth>3</depth>
	</size>
	<segmented>0</segmented>
	<object>
		<name>pie_chart</name>
		<pose>Unspecified</pose>
		<truncated>0</truncated>
		<difficult>0</difficult>
		<bndbox>
			<xmin>246</xmin>
			<ymin>110</ymin>
			<xmax>524</xmax>
			<ymax>386</ymax>
		</bndbox>
	</object>
	<object>
		<name>donut</name>
		<pose>Unspecified</pose>
		<truncated>0</truncated>
		<difficult>0</difficult>
		<bndbox>
			<xmin>1031</xmin>
			<ymin>109</ymin>
			<xmax>1302</xmax>
			<ymax>379</ymax>
		</bndbox>
	</object>
</annotation>
