<annotation>
	<folder>data</folder>
	<filename>new_data_368.jpg</filename>
	<path>D:\DashboardGraphExtract\data\new_data_368.jpg</path>
	<source>
		<database>Unknown</database>
	</source>
	<size>
		<width>750</width>
		<height>508</height>
		<depth>3</depth>
	</size>
	<segmented>0</segmented>
	<object>
		<name>bar_graph</name>
		<pose>Unspecified</pose>
		<truncated>0</truncated>
		<difficult>0</difficult>
		<bndbox>
			<xmin>210</xmin>
			<ymin>148</ymin>
			<xmax>541</xmax>
			<ymax>436</ymax>
		</bndbox>
	</object>
</annotation>
