<annotation>
	<folder>data</folder>
	<filename>new_data_29.jpg</filename>
	<path>D:\DashboardGraphExtract\data\new_data_29.jpg</path>
	<source>
		<database>Unknown</database>
	</source>
	<size>
		<width>450</width>
		<height>375</height>
		<depth>3</depth>
	</size>
	<segmented>0</segmented>
	<object>
		<name>bar_graph</name>
		<pose>Unspecified</pose>
		<truncated>0</truncated>
		<difficult>0</difficult>
		<bndbox>
			<xmin>28</xmin>
			<ymin>14</ymin>
			<xmax>418</xmax>
			<ymax>368</ymax>
		</bndbox>
	</object>
</annotation>
