<annotation>
	<folder>data</folder>
	<filename>new_data_403.jpg</filename>
	<path>D:\DashboardGraphExtract\data\new_data_403.jpg</path>
	<source>
		<database>Unknown</database>
	</source>
	<size>
		<width>415</width>
		<height>316</height>
		<depth>3</depth>
	</size>
	<segmented>0</segmented>
	<object>
		<name>pie_chart</name>
		<pose>Unspecified</pose>
		<truncated>0</truncated>
		<difficult>0</difficult>
		<bndbox>
			<xmin>31</xmin>
			<ymin>63</ymin>
			<xmax>269</xmax>
			<ymax>298</ymax>
		</bndbox>
	</object>
</annotation>
