<annotation>
	<folder>data</folder>
	<filename>new_data_107.jpg</filename>
	<path>D:\DashboardGraphExtract\data\new_data_107.jpg</path>
	<source>
		<database>Unknown</database>
	</source>
	<size>
		<width>662</width>
		<height>497</height>
		<depth>3</depth>
	</size>
	<segmented>0</segmented>
	<object>
		<name>line_chart</name>
		<pose>Unspecified</pose>
		<truncated>0</truncated>
		<difficult>0</difficult>
		<bndbox>
			<xmin>115</xmin>
			<ymin>228</ymin>
			<xmax>594</xmax>
			<ymax>482</ymax>
		</bndbox>
	</object>
</annotation>
