<annotation>
	<folder>data</folder>
	<filename>new_data_185.jpg</filename>
	<path>D:\DashboardGraphExtract\data\new_data_185.jpg</path>
	<source>
		<database>Unknown</database>
	</source>
	<size>
		<width>458</width>
		<height>311</height>
		<depth>3</depth>
	</size>
	<segmented>0</segmented>
	<object>
		<name>bar_graph</name>
		<pose>Unspecified</pose>
		<truncated>0</truncated>
		<difficult>0</difficult>
		<bndbox>
			<xmin>35</xmin>
			<ymin>73</ymin>
			<xmax>424</xmax>
			<ymax>284</ymax>
		</bndbox>
	</object>
</annotation>
