<annotation>
	<folder>data</folder>
	<filename>new_data_50.jpg</filename>
	<path>D:\DashboardGraphExtract\data\new_data_50.jpg</path>
	<source>
		<database>Unknown</database>
	</source>
	<size>
		<width>1344</width>
		<height>960</height>
		<depth>3</depth>
	</size>
	<segmented>0</segmented>
	<object>
		<name>pie_chart</name>
		<pose>Unspecified</pose>
		<truncated>0</truncated>
		<difficult>0</difficult>
		<bndbox>
			<xmin>481</xmin>
			<ymin>236</ymin>
			<xmax>933</xmax>
			<ymax>705</ymax>
		</bndbox>
	</object>
</annotation>
