<annotation>
	<folder>data</folder>
	<filename>new_data_377.jpg</filename>
	<path>D:\DashboardGraphExtract\data\new_data_377.jpg</path>
	<source>
		<database>Unknown</database>
	</source>
	<size>
		<width>716</width>
		<height>585</height>
		<depth>3</depth>
	</size>
	<segmented>0</segmented>
	<object>
		<name>pie_chart</name>
		<pose>Unspecified</pose>
		<truncated>0</truncated>
		<difficult>0</difficult>
		<bndbox>
			<xmin>123</xmin>
			<ymin>98</ymin>
			<xmax>582</xmax>
			<ymax>556</ymax>
		</bndbox>
	</object>
</annotation>
