<annotation>
	<folder>data</folder>
	<filename>new_data_229.jpg</filename>
	<path>D:\DashboardGraphExtract\data\new_data_229.jpg</path>
	<source>
		<database>Unknown</database>
	</source>
	<size>
		<width>1099</width>
		<height>550</height>
		<depth>3</depth>
	</size>
	<segmented>0</segmented>
	<object>
		<name>donut</name>
		<pose>Unspecified</pose>
		<truncated>0</truncated>
		<difficult>0</difficult>
		<bndbox>
			<xmin>314</xmin>
			<ymin>60</ymin>
			<xmax>789</xmax>
			<ymax>523</ymax>
		</bndbox>
	</object>
</annotation>
