<annotation>
	<folder>data</folder>
	<filename>new_data_142.jpg</filename>
	<path>D:\DashboardGraphExtract\data\new_data_142.jpg</path>
	<source>
		<database>Unknown</database>
	</source>
	<size>
		<width>1280</width>
		<height>720</height>
		<depth>3</depth>
	</size>
	<segmented>0</segmented>
	<object>
		<name>bar_graph</name>
		<pose>Unspecified</pose>
		<truncated>0</truncated>
		<difficult>0</difficult>
		<bndbox>
			<xmin>67</xmin>
			<ymin>185</ymin>
			<xmax>671</xmax>
			<ymax>622</ymax>
		</bndbox>
	</object>
</annotation>
