<annotation>
	<folder>data</folder>
	<filename>new_data_313.jpg</filename>
	<path>D:\DashboardGraphExtract\data\new_data_313.jpg</path>
	<source>
		<database>Unknown</database>
	</source>
	<size>
		<width>300</width>
		<height>168</height>
		<depth>3</depth>
	</size>
	<segmented>0</segmented>
	<object>
		<name>area_chart</name>
		<pose>Unspecified</pose>
		<truncated>0</truncated>
		<difficult>0</difficult>
		<bndbox>
			<xmin>60</xmin>
			<ymin>37</ymin>
			<xmax>248</xmax>
			<ymax>144</ymax>
		</bndbox>
	</object>
</annotation>
