<annotation>
	<folder>data</folder>
	<filename>new_data_83.jpg</filename>
	<path>D:\DashboardGraphExtract\data\new_data_83.jpg</path>
	<source>
		<database>Unknown</database>
	</source>
	<size>
		<width>800</width>
		<height>525</height>
		<depth>3</depth>
	</size>
	<segmented>0</segmented>
	<object>
		<name>pie_chart</name>
		<pose>Unspecified</pose>
		<truncated>0</truncated>
		<difficult>0</difficult>
		<bndbox>
			<xmin>9</xmin>
			<ymin>89</ymin>
			<xmax>387</xmax>
			<ymax>467</ymax>
		</bndbox>
	</object>
	<object>
		<name>pie_chart</name>
		<pose>Unspecified</pose>
		<truncated>0</truncated>
		<difficult>0</difficult>
		<bndbox>
			<xmin>398</xmin>
			<ymin>88</ymin>
			<xmax>788</xmax>
			<ymax>472</ymax>
		</bndbox>
	</object>
</annotation>
