<annotation>
	<folder>data</folder>
	<filename>new_data_210.jpg</filename>
	<path>D:\DashboardGraphExtract\data\new_data_210.jpg</path>
	<source>
		<database>Unknown</database>
	</source>
	<size>
		<width>1170</width>
		<height>665</height>
		<depth>3</depth>
	</size>
	<segmented>0</segmented>
	<object>
		<name>bar_graph</name>
		<pose>Unspecified</pose>
		<truncated>0</truncated>
		<difficult>0</difficult>
		<bndbox>
			<xmin>364</xmin>
			<ymin>248</ymin>
			<xmax>565</xmax>
			<ymax>373</ymax>
		</bndbox>
	</object>
	<object>
		<name>bar_graph</name>
		<pose>Unspecified</pose>
		<truncated>0</truncated>
		<difficult>0</difficult>
		<bndbox>
			<xmin>645</xmin>
			<ymin>200</ymin>
			<xmax>854</xmax>
			<ymax>367</ymax>
		</bndbox>
	</object>
	<object>
		<name>donut</name>
		<pose>Unspecified</pose>
		<truncated>0</truncated>
		<difficult>0</difficult>
		<bndbox>
			<xmin>897</xmin>
			<ymin>233</ymin>
			<xmax>1123</xmax>
			<ymax>464</ymax>
		</bndbox>
	</object>
	<object>
		<name>line_chart</name>
		<pose>Unspecified</pose>
		<truncated>0</truncated>
		<difficult>0</difficult>
		<bndbox>
			<xmin>374</xmin>
			<ymin>489</ymin>
			<xmax>837</xmax>
			<ymax>593</ymax>
		</bndbox>
	</object>
</annotation>
