<annotation>
	<folder>data</folder>
	<filename>new_data_307.jpg</filename>
	<path>D:\DashboardGraphExtract\data\new_data_307.jpg</path>
	<source>
		<database>Unknown</database>
	</source>
	<size>
		<width>214</width>
		<height>236</height>
		<depth>3</depth>
	</size>
	<segmented>0</segmented>
	<object>
		<name>bar_graph</name>
		<pose>Unspecified</pose>
		<truncated>0</truncated>
		<difficult>0</difficult>
		<bndbox>
			<xmin>64</xmin>
			<ymin>33</ymin>
			<xmax>152</xmax>
			<ymax>220</ymax>
		</bndbox>
	</object>
</annotation>
