<annotation>
	<folder>data</folder>
	<filename>new_data_94.jpg</filename>
	<path>D:\DashboardGraphExtract\data\new_data_94.jpg</path>
	<source>
		<database>Unknown</database>
	</source>
	<size>
		<width>906</width>
		<height>1017</height>
		<depth>3</depth>
	</size>
	<segmented>0</segmented>
	<object>
		<name>bar_graph</name>
		<pose>Unspecified</pose>
		<truncated>0</truncated>
		<difficult>0</difficult>
		<bndbox>
			<xmin>173</xmin>
			<ymin>318</ymin>
			<xmax>851</xmax>
			<ymax>964</ymax>
		</bndbox>
	</object>
</annotation>
