<annotation>
	<folder>data</folder>
	<filename>new_data_184.jpg</filename>
	<path>D:\DashboardGraphExtract\data\new_data_184.jpg</path>
	<source>
		<database>Unknown</database>
	</source>
	<size>
		<width>1460</width>
		<height>940</height>
		<depth>3</depth>
	</size>
	<segmented>0</segmented>
	<object>
		<name>area_chart</name>
		<pose>Unspecified</pose>
		<truncated>0</truncated>
		<difficult>0</difficult>
		<bndbox>
			<xmin>256</xmin>
			<ymin>341</ymin>
			<xmax>1276</xmax>
			<ymax>752</ymax>
		</bndbox>
	</object>
</annotation>
