<annotation>
	<folder>data</folder>
	<filename>new_data_312.jpg</filename>
	<path>D:\DashboardGraphExtract\data\new_data_312.jpg</path>
	<source>
		<database>Unknown</database>
	</source>
	<size>
		<width>262</width>
		<height>192</height>
		<depth>3</depth>
	</size>
	<segmented>0</segmented>
	<object>
		<name>area_chart</name>
		<pose>Unspecified</pose>
		<truncated>0</truncated>
		<difficult>0</difficult>
		<bndbox>
			<xmin>48</xmin>
			<ymin>22</ymin>
			<xmax>221</xmax>
			<ymax>158</ymax>
		</bndbox>
	</object>
</annotation>
