<annotation>
	<folder>data</folder>
	<filename>new_data_102.jpg</filename>
	<path>D:\DashboardGraphExtract\data\new_data_102.jpg</path>
	<source>
		<database>Unknown</database>
	</source>
	<size>
		<width>593</width>
		<height>340</height>
		<depth>3</depth>
	</size>
	<segmented>0</segmented>
	<object>
		<name>bar_graph</name>
		<pose>Unspecified</pose>
		<truncated>0</truncated>
		<difficult>0</difficult>
		<bndbox>
			<xmin>74</xmin>
			<ymin>129</ymin>
			<xmax>532</xmax>
			<ymax>327</ymax>
		</bndbox>
	</object>
</annotation>
