<annotation>
	<folder>data</folder>
	<filename>new_data_178.jpg</filename>
	<path>D:\DashboardGraphExtract\data\new_data_178.jpg</path>
	<source>
		<database>Unknown</database>
	</source>
	<size>
		<width>855</width>
		<height>535</height>
		<depth>3</depth>
	</size>
	<segmented>0</segmented>
	<object>
		<name>pie_chart</name>
		<pose>Unspecified</pose>
		<truncated>0</truncated>
		<difficult>0</difficult>
		<bndbox>
			<xmin>286</xmin>
			<ymin>117</ymin>
			<xmax>636</xmax>
			<ymax>456</ymax>
		</bndbox>
	</object>
</annotation>
